IN_FID,NEAR_FID,NEAR_DIST,NEAR_RANK
1,2,16910.9254,11
1,3,6877.392423,3
1,4,37592.13923,39
1,5,30094.88607,27
1,6,53227.93026,61
1,7,56672.89771,65
1,8,41076.95498,43
1,9,91010.64651,84
1,10,12990.02332,5
1,11,17750.1085,14
1,12,27750.09974,24
1,13,34345.68562,30
1,14,51443.94508,60
1,15,23304.05517,17
1,16,15541.6227,7
1,17,24836.40968,19
1,18,54228.00044,63
1,19,15776.31309,8
1,20,34843.54357,34
1,21,56670.04472,64
1,22,46254.06507,49
1,23,46952.05934,50
1,24,56935.32508,66
1,25,38968.07131,40
1,26,43080.15036,48
1,27,26645.6661,22
1,28,33142.06407,29
1,29,34627.90288,31
1,30,64491.97066,75
1,31,34698.45382,32
1,32,49999.21034,57
1,33,42698.71119,46
1,34,35280.55967,35
1,35,50225.62008,58
1,36,49431.30958,54
1,37,88130.97206,83
1,38,67306.39055,77
1,39,80631.5803,81
1,40,121493.2035,87
1,41,110249.8664,86
1,42,53600.94971,62
1,43,63908.05077,73
1,44,49690.42749,56
1,45,61289.25942,70
1,46,68342.43447,78
1,47,61702.36258,72
1,48,77659.18547,80
1,49,47158.21276,51
1,50,59205.06884,68
1,51,48926.87862,52
1,52,35925.87353,38
1,53,70159.75597,79
1,54,34712.72703,33
1,55,101570.9654,85
1,56,49508.24486,55
1,57,39328.49224,42
1,58,50873.76629,59
1,59,32843.18781,28
1,60,35654.11389,36
1,61,25558.62639,20
1,62,24740.92277,18
1,63,41168.60651,44
1,64,49318.97113,53
1,65,18072.18385,15
1,66,35858.27635,37
1,67,17535.7912,12
1,68,27162.24242,23
1,69,39089.45507,41
1,70,16340.02042,9
1,71,60006.22683,69
1,72,11372.85243,4
1,73,26560.96957,21
1,74,19227.78299,16
1,75,13332.4814,6
1,76,42820.70251,47
1,77,16868.31238,10
1,78,5672.795066,1
1,79,28540.38916,26
1,80,41784.63673,45
1,81,64126.50674,74
1,82,28388.36274,25
1,83,17728.68967,13
1,84,61506.0747,71
1,85,6555.127723,2
1,86,64873.23343,76
1,87,59032.02886,67
1,88,81577.96667,82
2,1,16910.9254,10
2,3,10103.30452,3
2,4,20717.36986,17
2,5,46901.42578,49
2,6,66156.69201,66
2,7,46869.78827,48
2,8,30302.89565,29
2,9,107657.1034,86
2,10,29628.69259,27
2,11,9729.155873,2
2,12,12152.70066,6
2,13,19406.97148,13
2,14,35608.22791,36
2,15,38713.37877,39
2,16,27734.01885,24
2,17,18900.94641,12
2,18,49112.37805,50
2,19,19707.21273,15
2,20,50992.58538,54
2,21,73029.62225,70
2,22,32731.95759,31
2,23,63249.98128,62
2,24,43189.96639,44
2,25,28649.75703,25
2,26,58528.4756,59
2,27,35715.96655,38
2,28,46718.42829,47
2,29,28759.57385,26
2,30,80036.99959,78
2,31,35055.9259,35
2,32,40227.61327,41
2,33,53597.76067,55
2,34,41239.04105,43
2,35,58440.35295,58
2,36,45012.15587,45
2,37,100476.6155,84
2,38,73654.31329,71
2,39,80811.36622,79
2,40,116582.6468,87
2,41,101735.3245,85
2,42,68630.09043,67
2,43,80017.8513,77
2,44,64832.62813,64
2,45,75586.27147,72
2,46,76301.33737,75
2,47,71983.85917,69
2,48,64844.16144,65
2,49,45492.22065,46
2,50,71898.57642,68
2,51,54983.41506,57
2,52,35713.44166,37
2,53,85337.16491,81
2,54,20364.59071,16
2,55,87712.27702,82
2,56,60418.35725,61
2,57,49203.93837,51
2,58,64711.25119,63
2,59,40310.87278,42
2,60,30096.15273,28
2,61,31272.74417,30
2,62,22393.23038,19
2,63,26817.61632,22
2,64,34356.86206,33
2,65,25841.84752,21
2,66,50759.01641,53
2,67,18243.84421,11
2,68,16389.13079,9
2,69,22955.6114,20
2,70,27684.19952,23
2,71,76263.90767,74
2,72,19599.13405,14
2,73,12155.04558,7
2,74,34427.48009,34
2,75,11919.71148,5
2,76,59051.13502,60
2,77,5827.048505,1
2,78,15369.45609,8
2,79,39344.93379,40
2,80,54190.0939,56
2,81,50753.31883,52
2,82,11704.43911,4
2,83,34192.02708,32
2,84,78205.98061,76
2,85,22051.10043,18
2,86,81772.20768,80
2,87,75834.8756,73
2,88,98386.34237,83
3,1,6877.392423,1
3,2,10103.30452,3
3,4,30730.62373,29
3,5,36969.93595,40
3,6,57717.72924,64
3,7,52877.52433,59
3,8,36721.73701,39
3,9,97866.12961,85
3,10,19539.87603,12
3,11,11969.83455,6
3,12,20967.65486,17
3,13,27725.13903,24
3,14,44702.59595,47
3,15,29026.24904,27
3,16,19123.01412,11
3,17,20374.01275,13
3,18,52268.724,57
3,19,14631.23671,9
3,20,41076.12923,43
3,21,63058.0102,67
3,22,40055.32137,42
3,23,53294.30304,60
3,24,50730.85047,55
3,25,33601.03466,34
3,26,48901.3528,53
3,27,28846.13668,25
3,28,37858.16511,41
3,29,30613.44409,28
3,30,70401.97505,76
3,31,33086.17023,32
3,32,44951.45572,48
3,33,46091.45325,49
3,34,36166.36463,38
3,35,52386.37966,58
3,36,46246.63473,50
3,37,92428.9389,83
3,38,68743.39881,74
3,39,79521.75603,81
3,40,118525.1387,87
3,41,105921.3017,86
3,42,59206.83287,66
3,43,70145.38404,75
3,44,56034.6559,62
3,45,67333.94252,72
3,46,71856.79041,78
3,47,66135.87384,70
3,48,72760.82259,79
3,49,46493.22351,51
3,50,64610.16861,68
3,51,51499.32503,56
3,52,35619.55325,36
3,53,76547.59757,80
3,54,28951.11698,26
3,55,96278.37595,84
3,56,54131.28071,61
3,57,43417.59053,45
3,58,56709.52831,63
3,59,35768.63564,37
3,60,33173.57334,33
3,61,27472.76233,23
3,62,23064.37834,20
3,63,35474.66019,35
3,64,43437.37815,46
3,65,20576.47963,15
3,66,42066.0583,44
3,67,16529.36377,10
3,68,22431.62721,19
3,69,32688.5772,30
3,70,20574.84746,14
3,71,66753.84282,71
3,72,13458.87391,8
3,73,20627.57783,16
3,74,25454.21164,22
3,75,10446.85691,4
3,76,49547.56631,54
3,77,11117.44083,5
3,78,7355.256312,2
3,79,32877.24296,31
3,80,46982.8627,52
3,81,58952.36563,65
3,82,21718.37803,18
3,83,24494.91146,21
3,84,68368.94698,73
3,85,12681.75627,7
3,86,71736.35808,77
3,87,65735.20511,69
3,88,88286.70344,82
4,1,37592.13923,28
4,2,20717.36986,9
4,3,30730.62373,20
4,5,67618.7908,53
4,6,83063.63918,64
4,7,43452.01998,32
4,8,29247.89096,17
4,9,128326.2268,87
4,10,50086.63042,40
4,11,23856.04163,14
4,12,11870.53651,4
4,13,11458.69927,3
4,14,17585.10059,7
4,15,58295.01687,50
4,16,46270.15189,36
4,17,27381.92347,16
4,18,52175.59473,42
4,19,35797.50508,25
4,20,70883.64083,57
4,21,92959.5428,75
4,22,21487.29503,10
4,23,83171.95522,65
4,24,29312.91305,18
4,25,25553.70037,15
4,26,77749.54023,62
4,27,51494.80383,41
4,28,64800.11351,51
4,29,32355.77269,21
4,30,99110.01937,80
4,31,43751.20247,33
4,32,34476.5904,22
4,33,69278.62221,55
4,34,53924.91814,44
4,35,71496.29841,58
4,36,46167.33705,35
4,37,116108.4458,85
4,38,84015.40461,68
4,39,83972.20962,67
4,40,111931.454,84
4,41,92696.80657,74
4,42,87343.41168,70
4,43,99655.75693,81
4,44,84791.81304,69
4,45,94930.78341,76
4,46,90752.8518,73
4,47,88482.85147,71
4,48,54062.67896,45
4,49,53147.76224,43
4,50,90194.72547,72
4,51,68876.22311,54
4,52,46497.46682,37
4,53,105190.2202,83
4,54,16707.18515,6
4,55,73942.25746,60
4,56,77739.7848,61
4,57,66293.31929,52
4,58,83889.29921,66
4,59,56447.0633,48
4,60,36707.65484,27
4,61,47387.7401,39
4,62,34986.72548,24
4,63,19242.2639,8
4,64,22370.13048,11
4,65,43909.18698,34
4,66,70731.66116,56
4,67,34632.37369,23
4,68,23035.98742,13
4,69,10779.39022,2
4,70,47000.44154,38
4,71,96777.18723,78
4,72,38917.71695,29
4,73,16690.70486,5
4,74,54766.67352,46
4,75,30179.82027,19
4,76,79588.99297,63
4,77,22962.20162,12
4,78,35806.75286,26
4,79,57563.27299,49
4,80,72696.54515,59
4,81,40076.37976,30
4,82,10475.27337,1
4,83,54871.48191,47
4,84,98901.24548,79
4,85,42687.80611,31
4,86,102464.8982,82
4,87,96265.47127,77
4,88,118800.4178,86
5,1,30094.88607,18
5,2,46901.42578,48
5,3,36969.93595,32
5,4,67618.7908,69
5,6,42895.06394,41
5,7,77869.8442,79
5,8,65036.66989,67
5,9,60980.95345,64
5,10,18915.64469,6
5,11,46826.44298,47
5,12,57748.75958,59
5,13,64064.44576,66
5,14,81306.13222,80
5,15,19259.44896,7
5,16,28919.70674,16
5,17,51395.46092,52
5,18,69837.43064,72
5,19,39232.73646,35
5,20,16875.32047,5
5,21,31894.41502,24
5,22,74997.64683,76
5,23,23869.87243,8
5,24,85536.6228,81
5,25,66136.58061,68
5,26,25863.79989,11
5,27,36522.38934,31
5,28,28126.9261,15
5,29,59187.41008,61
5,30,42949.45466,42
5,31,53401.07823,56
5,32,75927.25095,77
5,33,41050.49645,40
5,34,46280.36446,46
5,35,52440.37959,53
5,36,70444.81626,74
5,37,74885.30866,75
5,38,70023.26829,73
5,39,92352.38464,83
5,40,138483.3789,87
5,41,132312.739,86
5,42,35725.60081,29
5,43,39857.1996,38
5,44,24746.34962,9
5,45,37614.3935,34
5,46,59357.73816,62
5,47,48535.65242,50
5,48,101363.6913,84
5,49,59396.7022,63
5,50,40298.92163,39
5,51,47911.76454,49
5,52,49367.88519,51
5,53,43457.65113,43
5,54,62385.25486,65
5,55,126093.5894,85
5,56,37433.35478,33
5,57,33490.33043,26
5,58,30084.76936,17
5,59,35489.64134,28
5,60,55452.58594,58
5,61,35747.12225,30
5,62,45114.69621,44
5,63,68403.49215,71
5,64,76743.20907,78
5,65,31384.73685,21
5,66,15919.04103,4
5,67,39259.7036,36
5,68,53343.64987,55
5,69,68025.48561,70
5,70,25902.06441,12
5,71,30834.31833,19
5,72,31552.55671,23
5,73,54974.69477,57
5,74,15781.80638,3
5,75,39654.75788,37
5,76,14549.43343,2
5,77,45696.33097,45
5,78,32242.12443,25
5,79,26848.30895,13
5,80,28102.55206,14
5,81,89105.90919,82
5,82,58050.20347,60
5,83,13067.1865,1
5,84,31457.34863,22
5,85,25158.23449,10
5,86,35039.5302,27
5,87,31038.97224,20
5,88,53060.97706,54
6,1,53227.93026,26
6,2,66156.69201,42
6,3,57717.72924,32
6,4,83063.63918,67
6,5,42895.06394,19
6,7,109890.6295,82
6,8,94212.94395,77
6,9,76171.24981,59
6,10,42489.22411,18
6,11,59458.70013,36
6,12,71193.13601,51
6,13,74136.67261,54
6,14,89431.67376,73
6,15,31107.98388,11
6,16,38626.84804,17
6,17,56665.23107,30
6,18,106142.0924,81
6,19,47418.90377,21
6,20,26021.32866,8
6,21,27710.59663,9
6,22,78643.80845,63
6,23,24717.62744,7
6,24,86831.81834,70
6,25,67370.29454,45
6,26,17726.92105,3
6,27,31602.26605,12
6,28,20102.03693,4
6,29,57416.00518,31
6,30,22999.55734,6
6,31,45100.47059,20
6,32,71729.57305,52
6,33,14720.98402,2
6,34,32311.14255,13
6,35,21169.55137,5
6,36,58368.15348,33
6,37,34925.7899,15
6,38,32927.46409,14
6,39,61518.17046,39
6,40,110169.7357,83
6,41,112389.2304,84
6,42,13500.31083,1
6,43,28154.70225,10
6,44,63555.87769,41
6,45,75359.09284,55
6,46,102124.3284,80
6,47,90871.03318,75
6,48,130478.4374,86
6,49,97355.48558,78
6,50,81119.33813,66
6,51,90101.25656,74
6,52,86240.86317,68
6,53,76106.53591,58
6,54,86377.7758,69
6,55,153821.9021,87
6,56,80232.62644,65
6,57,75983.54747,57
6,58,70973.51539,50
6,59,75972.75674,56
6,60,88444.03015,71
6,61,73118.47182,53
6,62,77310.65612,61
6,63,92891.16343,76
6,64,100506.9462,79
6,65,66404.13233,43
6,66,58653.27754,35
6,67,70097.96226,48
6,68,80060.34996,64
6,69,88725.25602,72
6,70,61474.60584,38
6,71,60079.00996,37
6,72,62407.22026,40
6,73,78028.83972,62
6,74,53747.49467,28
6,75,66558.08396,44
6,76,52296.10899,25
6,77,68805.04052,47
6,78,58619.99567,34
6,79,67752.13577,46
6,80,70963.10007,49
6,81,116623.3833,85
6,82,77231.09013,60
6,83,48210.66088,22
6,84,54287.27173,29
6,85,53686.48237,27
6,86,49300.67185,23
6,87,37270.52992,16
6,88,52114.40946,24
7,1,56672.89771,35
7,2,46869.78827,22
7,3,52877.52433,30
7,4,43452.01998,20
7,5,77869.8442,54
7,6,109890.6295,77
7,8,16574.03462,2
7,9,130059.8802,83
7,10,68073.74827,46
7,11,56290.34739,34
7,12,49968.98755,27
7,13,53940.69899,31
7,14,57611.67213,37
7,15,79379.86841,57
7,16,71776.58977,51
7,17,64494.75463,39
7,18,15979.55932,1
7,19,66258.53594,44
7,20,89263.02017,65
7,21,109337.6172,76
7,22,64804.20491,40
7,23,100301.8191,71
7,24,71168.67291,48
7,25,68202.13329,47
7,26,98407.67128,68
7,27,81647.8368,59
7,28,89792.39868,66
7,29,72792.64538,52
7,30,119092.6412,80
7,31,81473.08576,58
7,32,77885.86107,55
7,33,98937.19491,69
7,34,88033.31605,63
7,35,104973.227,73
7,36,88250.35034,64
7,37,144802.5165,86
7,38,120520.467,81
7,39,125739.7843,82
7,40,155306.6442,87
7,41,134940.8724,85
7,42,109191.2393,75
7,43,117170.1298,79
7,44,82922.39983,60
7,45,88033.29454,62
7,46,67642.6362,45
7,47,71505.70149,50
7,48,24409.48254,7
7,49,25716.15756,8
7,50,79226.42782,56
7,51,49017.99555,25
7,52,30336.60382,10
7,53,100073.8357,70
7,54,28532.2453,9
7,55,49138.75902,26
7,56,65471.16039,41
7,57,56220.76582,33
7,58,77794.61568,53
7,59,47169.46036,23
7,60,22445.23129,4
7,61,42754.35833,18
7,62,33292.42386,13
7,63,24229.57733,6
7,64,23586.90346,5
7,65,46539.13916,21
7,66,71491.98337,49
7,67,40190.90303,16
7,68,30729.92301,11
7,69,32677.35487,12
7,70,52055.21676,29
7,71,98246.84241,67
7,72,48235.57873,24
7,73,35198.73879,14
7,74,62106.02819,38
7,75,43360.62252,19
7,76,83557.29176,61
7,77,42411.13357,17
7,78,51289.85937,28
7,79,54215.58599,32
7,80,65904.47459,42
7,81,16863.60617,3
7,82,39982.59206,15
7,83,65977.60588,43
7,84,103646.2739,72
7,85,56816.28603,36
7,86,110358.3343,78
7,87,108763.1072,74
7,88,130064.9937,84
8,1,41076.95498,31
8,2,30302.89565,19
8,3,36721.73701,25
8,4,29247.89096,18
8,5,65036.66989,54
8,6,94212.94395,74
8,7,16574.03462,6
8,9,120876.233,84
8,10,53135.92471,43
8,11,39722.92449,30
8,12,33986.42564,23
8,13,38695.15709,27
8,14,45433.90908,34
8,15,64207.316,52
8,16,55788.38562,44
8,17,48033.46692,36
8,18,22986.23389,10
8,19,49767.89874,39
8,20,74821.54326,65
8,21,95684.9583,76
8,22,50669.47128,40
8,23,86335.34583,69
8,24,58302.74915,47
8,25,52702.92161,42
8,26,83668.65905,68
8,27,65323.08801,55
8,28,74174.24962,64
8,29,56603.60223,45
8,30,104755.0999,81
8,31,64946.1279,53
8,32,62981.05116,51
8,33,82801.93944,67
8,34,71499.06103,59
8,35,88524.55625,70
8,36,72321.43097,60
8,37,129046.1901,86
8,38,103957.111,80
8,39,109569.6134,82
8,40,140844.375,87
8,41,121921.22,85
8,42,94364.347,75
8,43,103357.2851,79
8,44,74026.18856,63
8,45,81160.97814,66
8,46,67576.32208,56
8,47,68472.35225,57
8,48,36806.57937,26
8,49,26005.02869,16
8,50,73749.14039,62
8,51,46434.9881,35
8,52,23707.32371,11
8,53,92809.1769,72
8,54,12869.70993,3
8,55,61239.79171,49
8,56,60042.75947,48
8,57,49334.33602,37
8,58,70295.97802,58
8,59,39236.79382,28
8,60,12375.68233,2
8,61,32361.79152,20
8,62,20083.75602,9
8,63,11134.21665,1
8,64,16188.88277,5
8,65,33966.72316,22
8,66,61259.83597,50
8,67,25924.60324,14
8,68,14329.76003,4
8,69,19058.66664,8
8,70,39273.24813,29
8,71,88613.86236,71
8,72,33959.11948,21
8,73,18681.03276,7
8,74,49369.22437,38
8,75,27790.28214,17
8,76,72727.91038,61
8,77,25994.47353,15
8,78,35974.64092,24
8,79,44447.80677,33
8,80,58189.60245,46
8,81,24070.79082,13
8,82,23941.46472,12
8,83,52449.95332,41
8,84,93074.45571,73
8,85,42113.29548,32
8,86,98960.54313,78
8,87,96064.27005,77
8,88,117987.3802,83
9,1,91010.64651,43
9,2,107657.1034,56
9,3,97866.12961,48
9,4,128326.2268,75
9,5,60980.95345,17
9,6,76171.24981,28
9,7,130059.8802,76
9,8,120876.233,68
9,10,79614.81411,32
9,11,107727.6886,57
9,12,118720.4038,67
9,13,125026.1977,70
9,14,142281.1884,81
9,15,75613.10128,27
9,16,87916.57364,40
9,17,111535.2817,61
9,18,117610.9854,64
9,19,99169.71619,50
9,20,64196.17885,20
9,21,48632.70335,9
9,22,135581.5182,79
9,23,54932.73978,14
9,24,145969.0875,83
9,25,126101.9748,71
9,26,63787.60209,19
9,27,91646.22814,44
9,28,77306.82219,30
9,29,118137.0435,65
9,30,55414.38161,15
9,31,109751.6628,60
9,32,134950.3962,78
9,33,85654.68312,37
9,34,99235.19445,51
9,35,96108.82171,46
9,36,126511.8389,72
9,37,86600.37305,38
9,38,108897.8217,58
9,39,137625.6601,80
9,40,186256.1886,87
9,41,186187.2057,86
9,42,62696.46083,18
9,43,48872.67387,10
9,44,47154.2119,8
9,45,44141.70149,7
9,46,78571.7994,31
9,47,67117.46572,23
9,48,154469.3622,84
9,49,106076.3076,55
9,50,54870.21258,13
9,51,84818.32068,35
9,52,99754.16694,52
9,53,32578.38649,5
9,54,121198.0921,69
9,55,179116.0101,85
9,56,66803.74776,22
9,57,74108.96672,26
9,58,52796.12366,12
9,59,82905.03784,33
9,60,109310.1911,59
9,61,88549.90176,41
9,62,101145.7135,53
9,63,126627.7186,73
9,64,134807.1425,77
9,65,87694.13618,39
9,66,59678.67475,16
9,67,97045.96981,47
9,68,111669.9411,62
9,69,127660.1215,74
9,70,83047.87793,34
9,71,32298.64006,4
9,72,90453.19616,42
9,73,114573.0419,63
9,74,73934.25717,25
9,75,99165.86938,49
9,76,49007.40033,11
9,77,105838.4078,54
9,78,92569.23728,45
9,79,76498.26343,29
9,80,64273.81764,21
9,81,144249.8535,82
9,82,118444.5783,66
9,83,73465.19097,24
9,84,29523.89092,3
9,85,85638.44456,36
9,86,28578.60965,2
9,87,39643.81054,6
9,88,28533.40237,1
10,1,12990.02332,5
10,2,29628.69259,22
10,3,19539.87603,9
10,4,50086.63042,55
10,5,18915.64469,8
10,6,42489.22411,43
10,7,68073.74827,77
10,8,53135.92471,63
10,9,79614.81411,83
10,11,28138.60779,19
10,12,39522.14174,36
10,13,45501.7224,48
10,14,62784.52576,74
10,15,11422.35855,3
10,16,11619.40356,4
10,17,32514.32253,27
10,18,63653.48424,75
10,19,20492.74351,12
10,20,21944.90506,13
10,21,43683.06032,44
10,22,56106.50068,68
10,23,33977.94311,29
10,24,66626.92061,76
10,25,47261.66149,51
10,26,30536.28603,24
10,27,22242.84753,14
10,28,22669.8804,15
10,29,40673.23744,39
10,30,51767.18046,59
10,31,36460.01423,33
10,32,57268.05933,69
10,33,34258.55107,30
10,34,32304.40333,26
10,35,43755.41054,45
10,36,53094.32136,62
10,37,77304.50077,81
10,38,61603.98706,72
10,39,79366.677,82
10,40,123334.6505,87
10,41,115032.3841,86
10,42,41234.99199,40
10,43,50963.30658,57
10,44,41747.09724,42
10,45,54245.1426,65
10,46,68135.16534,78
10,47,59486.85337,70
10,48,89916.76737,84
10,49,55093.45358,67
10,50,54356.95231,66
10,51,51411.91404,58
10,52,43881.32308,46
10,53,61603.86876,71
10,54,47611.991,53
10,55,114084.6781,85
10,56,47267.59585,52
10,57,39074.72488,35
10,58,44888.39717,47
10,59,35749.97554,32
10,60,46169.81342,49
10,61,31174.00669,25
10,62,35022.78808,31
10,63,54025.38554,64
10,64,62228.56239,73
10,65,24089.98101,16
10,66,29184.07127,21
10,67,27914.12439,18
10,68,39665.44022,38
10,69,52071.03791,60
10,70,19575.72168,10
10,71,49720.90054,54
10,72,20010.27465,11
10,73,39524.42843,37
10,74,14989.95051,6
10,75,25490.89828,17
10,76,33004.91331,28
10,77,29838.09921,23
10,78,17245.37543,7
10,79,28793.02795,20
10,80,38339.06404,34
10,81,76630.37186,80
10,82,41253.1422,41
10,83,10072.6125,1
10,84,50135.34714,56
10,85,11297.49316,2
10,86,52674.73971,61
10,87,46214.51589,50
10,88,68764.49287,79
11,1,17750.1085,8
11,2,9729.155873,2
11,3,11969.83455,3
11,4,23856.04163,16
11,5,46826.44298,47
11,6,59458.70013,59
11,7,56290.34739,55
11,8,39722.92449,40
11,9,107727.6886,86
11,10,28138.60779,23
11,12,12155.65337,5
11,13,17394.6169,7
11,14,34672.50039,32
11,15,34881.14225,33
11,16,22525.18003,15
11,17,9422.328056,1
11,18,58829.70061,56
11,19,12041.2458,4
11,20,47592.99973,49
11,21,69580.49674,68
11,22,28529.88292,24
11,23,59829.15923,60
11,24,39203.64864,39
11,25,21636.44304,14
11,26,54026.89471,52
11,27,28100.84358,22
11,28,40945.33068,42
11,29,19631.24817,11
11,30,75308.89799,72
11,31,25354.95263,19
11,32,33038.86487,31
11,33,46078.19605,46
11,34,32316.98063,29
11,35,49802.25796,50
11,36,35787.12561,36
11,37,93094.25116,82
11,38,64401.83295,64
11,39,71122.22501,69
11,40,107800.1484,87
11,41,94224.33857,83
11,42,63500.01482,63
11,43,76055.70325,73
11,44,67432.62035,66
11,45,79009.14442,78
11,46,83427.88047,80
11,47,78037.13812,76
11,48,73186.2314,70
11,49,54894.25299,53
11,50,76547.33751,74
11,51,62654.11895,62
11,52,44751.80442,44
11,53,87884.61856,81
11,54,28838.92307,25
11,55,95320.91346,84
11,56,66075.65035,65
11,57,55274.32623,54
11,58,68503.4877,67
11,59,47254.93955,48
11,60,39770.20297,41
11,61,38593.93516,38
11,62,31486.70132,27
11,63,35000.27087,34
11,64,41832.01407,43
11,65,32151.99616,28
11,66,53603.88948,51
11,67,26308.92415,21
11,68,26061.65826,20
11,69,29565.77275,26
11,70,32533.54188,30
11,71,77323.50645,75
11,72,25158.16908,18
11,73,21153.39802,13
11,74,36965.3064,37
11,75,19652.2977,12
11,76,60235.55922,61
11,77,15292.40314,6
11,78,19300.50304,10
11,79,44810.82895,45
11,80,58941.28825,57
11,81,58965.88126,58
11,82,18224.85191,9
11,83,35212.76409,35
11,84,78222.75348,77
11,85,24194.79262,17
11,86,80725.90847,79
11,87,73545.99345,71
11,88,95953.80494,85
12,1,27750.09974,21
12,2,12152.70066,4
12,3,20967.65486,12
12,4,11870.53651,3
12,5,57748.75958,52
12,6,71193.13601,62
12,7,49968.98755,45
12,8,33986.42564,30
12,9,118720.4038,87
12,10,39522.14174,35
12,11,12155.65337,5
12,13,7297.511182,1
12,14,23744.76163,16
12,15,46957.88896,43
12,16,34679.12119,31
12,17,16022.10428,6
12,18,55637.36204,50
12,19,23967.45852,18
12,20,59640.762,53
12,21,81668.61623,70
12,22,20869.81542,11
12,23,71902.24583,63
12,24,31150.88553,24
12,25,19082.46026,9
12,26,66182.116,59
12,27,39628.86452,36
12,28,53021.11082,48
12,29,22894.21909,14
12,30,87456.26402,75
12,31,32970.04364,28
12,32,30174.41464,23
12,33,57443.45688,51
12,34,42391.22774,38
12,35,60008.41206,54
12,36,38343.55682,34
12,37,104328.8774,84
12,38,73221.52584,65
12,39,75778.41858,67
12,40,107856.3803,85
12,41,91266.09976,81
12,42,75623.45278,66
12,43,88198.08579,79
12,44,76754.50192,68
12,45,87673.81895,76
12,46,87749.25826,78
12,47,83911.80319,71
12,48,63963.02347,57
12,49,54107.74647,49
12,50,84047.16381,72
12,51,66163.73462,58
12,52,45480.31326,41
12,53,97275.01148,83
12,54,21436.75472,13
12,55,84975.78382,73
12,56,72464.85736,64
12,57,61186.15619,55
12,58,76831.71065,69
12,59,52039.07378,47
12,60,37759.29852,32
12,61,42912.1955,39
12,62,32503.92164,27
12,63,26541.86629,19
12,64,32040.94283,26
12,65,37890.96653,33
12,66,62705.51634,56
12,67,29725.57414,22
12,68,22903.32599,15
12,69,19467.91688,10
12,70,39831.30763,37
12,71,87721.07608,77
12,72,31751.75492,25
12,73,16216.34207,7
12,74,46224.09637,42
12,75,23821.84718,17
12,76,70515.15394,61
12,77,16808.19867,8
12,78,27271.81367,20
12,79,51463.34484,46
12,80,66340.40774,60
12,81,49737.79784,44
12,82,10045.59381,2
12,83,45454.08805,40
12,84,89201.14106,80
12,85,33576.34333,29
12,86,92186.53808,82
12,87,85406.08557,74
12,88,107876.3316,86
13,1,34345.68562,25
13,2,19406.97148,9
13,3,27725.13903,17
13,4,11458.69927,2
13,5,64064.44576,53
13,6,74136.67261,63
13,7,53940.69899,45
13,8,38695.15709,28
13,9,125026.1977,87
13,10,45501.7224,37
13,11,17394.6169,7
13,12,7297.511182,1
13,14,17283.57337,6
13,15,51998.29269,41
13,16,39385.56046,30
13,17,17496.62188,8
13,18,61082.794,51
13,19,28050.64254,18
13,20,64728.58331,54
13,21,86585.66399,72
13,22,13677.92356,3
13,23,76888.56701,64
13,24,23856.01483,13
13,25,14321.02119,4
13,26,70656.12319,58
13,27,42618.73068,33
13,28,56933.49871,46
13,29,20999.48467,10
13,30,91631.07524,76
13,31,32827.55658,22
13,32,24322.30544,15
13,33,59915.98952,49
13,34,43736.55938,34
13,35,61118.74194,52
13,36,34808.27161,26
13,37,106304.1963,85
13,38,72925.29124,60
13,39,72610.65971,59
13,40,102239.3146,83
13,41,84680.29793,70
13,42,79638.21853,66
13,43,92812.35832,77
13,44,83719.40214,68
13,45,94787.68535,79
13,46,94937.33721,80
13,47,91203.81555,74
13,48,65521.137,55
13,49,60407.03061,50
13,50,91301.31882,75
13,51,73291.95195,61
13,52,52240.84694,43
13,53,104240.1,84
13,54,25830.45766,16
13,55,85141.58413,71
13,56,79761.40863,67
13,57,68483.16077,56
13,58,83990.0909,69
13,59,59307.84904,48
13,60,43909.78642,35
13,61,50172.02131,39
13,62,39465.27051,31
13,63,29813.89818,20
13,64,33770.84498,23
13,65,45185.72703,36
13,66,69703.60504,57
13,67,36980.2972,27
13,68,29146.41397,19
13,69,21705.02712,11
13,70,47046.95178,38
13,71,94334.23018,78
13,72,38995.31487,29
13,73,22289.36968,12
13,74,53145.6946,44
13,75,31119.28123,21
13,76,77162.61873,65
13,77,24076.01021,14
13,78,34328.66612,24
13,79,58744.26173,47
13,80,73590.75128,62
13,81,51515.61013,40
13,82,15442.09184,5
13,83,52067.76979,42
13,84,95506.53997,81
13,85,40404.84797,32
13,86,98119.33499,82
13,87,90851.23913,73
13,88,113197.9952,86
14,1,51443.94508,28
14,2,35608.22791,17
14,3,44702.59595,21
14,4,17585.10059,4
14,5,81306.13222,57
14,6,89431.67376,65
14,7,57611.67213,35
14,8,45433.90908,23
14,9,142281.1884,87
14,10,62784.52576,40
14,11,34672.50039,16
14,12,23744.76163,6
14,13,17283.57337,3
14,15,69066.43918,45
14,16,56371.39512,33
14,17,33312.57432,11
14,18,68353.4863,44
14,19,44883.08927,22
14,20,81781.2001,58
14,21,103502.3929,73
14,22,12298.78654,1
14,23,93863.43464,66
14,24,13762.5623,2
14,25,22917.00329,5
14,26,87335.96946,63
14,27,58406.8371,37
14,28,73285.24672,49
14,29,32747.95257,10
14,30,108005.2709,76
14,31,45575.66522,24
14,32,25780.84983,7
14,33,74872.11974,53
14,34,57788.20563,36
14,35,74357.14416,52
14,36,41223.76482,20
14,37,120143.042,84
14,38,83697.00167,60
14,39,77426.79897,55
14,40,98833.68861,70
14,41,77338.62457,54
14,42,95926.85394,69
14,43,109520.9385,79
14,44,100426.9575,72
14,45,111141.3848,80
14,46,108323.7521,78
14,47,105824.5605,74
14,48,62560.35784,39
14,49,70335.01209,48
14,50,107002.1974,75
14,51,86450.32175,62
14,52,64058.26751,42
14,53,120938.5375,85
14,54,33690.10383,12
14,55,78200.89804,56
14,56,94862.26098,68
14,57,83439.87433,59
14,58,100208.1916,71
14,59,73752.28246,50
14,60,54046.00031,31
14,61,64634.1703,43
14,62,52507.64481,30
14,63,34518.9786,15
14,64,34282.55238,14
14,65,60605.81732,38
14,66,86359.37449,61
14,67,51647.11411,29
14,68,40621.02319,19
14,69,26401.10895,8
14,70,63136.66229,41
14,71,111444.7307,81
14,72,54997.11119,32
14,73,34203.12008,13
14,74,69940.84298,47
14,75,46563.19158,25
14,76,94245.79313,67
14,77,39258.99003,18
14,78,50930.28292,27
14,79,74303.69595,51
14,80,89369.89727,64
14,81,49974.20268,26
14,82,27611.77132,9
14,83,69168.02418,46
14,84,112758.304,82
14,85,57320.51135,34
14,86,115398.0861,83
14,87,108016.9898,77
14,88,130296.2227,86
15,1,23304.05517,10
15,2,38713.37877,32
15,3,29026.24904,17
15,4,58295.01687,62
15,5,19259.44896,7
15,6,31107.98388,20
15,7,79379.86841,82
15,8,64207.316,70
15,9,75613.10128,80
15,10,11422.35855,1
15,11,34881.14225,26
15,12,46957.88896,45
15,13,51998.29269,54
15,14,69066.43918,75
15,16,12744.91145,4
15,17,36531.05679,30
15,18,75045.21174,79
15,19,24302.53321,13
15,20,12730.71271,3
15,21,34710.76948,25
15,22,60814.73222,65
15,23,24948.84787,14
15,24,70882.85752,76
15,25,50752.65444,53
15,26,19875.75188,8
15,27,17407.37148,5
15,28,11617.08057,2
15,29,42525.09643,39
15,30,41377.06521,36
15,31,34945.33661,27
15,32,59338.98844,64
15,33,24112.62096,12
15,34,27026.71601,15
15,35,34673.27813,24
15,36,52036.04649,55
15,37,65886.04999,72
15,38,52595.27613,56
15,39,73295.74581,78
15,40,119224.5583,86
15,41,113588.8923,85
15,42,30299.55734,18
15,43,41390.63807,37
15,44,44005.50118,40
15,45,56873.82147,59
15,46,75884.58626,81
15,47,66104.35831,73
15,48,100904.3944,84
15,49,66307.14194,74
15,50,59079.95974,63
15,51,60920.92651,66
15,52,55153.42384,58
15,53,62248.98579,69
15,54,57871.42977,61
15,55,124874.7592,87
15,56,54265.45383,57
15,57,47623.44589,47
15,58,49002.39383,49
15,59,45845.18802,42
15,60,57571.72062,60
15,61,42172.74473,38
15,62,46422.6571,43
15,63,64367.89879,71
15,64,72425.81905,77
15,65,35318.99811,28
15,66,33856.77426,23
15,67,39280.17738,34
15,68,50450.3992,52
15,69,61626.08859,68
15,70,30506.55922,19
15,71,48396.08081,48
15,72,31425.6251,21
15,73,49604.42706,50
15,74,23813.36622,11
15,75,36429.56835,29
15,76,33501.59566,22
15,77,39959.3122,35
15,78,28236.13785,16
15,79,38148.21252,31
15,80,44932.63554,41
15,81,87427.90432,83
15,82,50397.8509,51
15,83,18146.40691,6
15,84,46878.27111,44
15,85,22702.86179,9
15,86,47457.75115,46
15,87,39035.83366,33
15,88,61229.79578,67
16,1,15541.6227,5
16,2,27734.01885,19
16,3,19123.01412,8
16,4,46270.15189,45
16,5,28919.70674,22
16,6,38626.84804,32
16,7,71776.58977,77
16,8,55788.38562,61
16,9,87916.57364,83
16,10,11619.40356,3
16,11,22525.18003,12
16,12,34679.12119,28
16,13,39385.56046,34
16,14,56371.39512,62
16,15,12744.91145,4
16,17,23824.47622,13
16,18,69767.78349,75
16,19,11557.62194,1
16,20,25418.11896,15
16,21,47200.4567,46
16,22,48099.71231,49
16,23,37510.29371,30
16,24,58241.13932,64
16,25,38206.79595,31
16,26,31504.26662,25
16,27,11582.99766,2
16,28,18984.41622,7
16,29,30460.77597,24
16,30,52842.72231,57
16,31,24940.00893,14
16,32,47291.04035,47
16,33,27233.98693,18
16,34,21225.06687,10
16,35,34825.93626,29
16,36,41764.68968,42
16,37,73306.29101,79
16,38,52194.15265,56
16,39,68086.14512,74
16,40,111716.3271,86
16,41,103731.2561,85
16,42,41149.92629,40
16,43,53544.44636,59
16,44,52866.67128,58
16,45,65522.31685,72
16,46,79347.52585,82
16,47,71007.0048,76
16,48,91864.8453,84
16,49,62471.07785,71
16,50,65955.37297,73
16,51,61737.2346,69
16,52,51187.95425,54
16,53,72308.66997,78
16,54,47792.57271,48
16,55,115232.2445,87
16,56,58754.93966,65
16,57,50133.4614,51
16,58,56408.72612,63
16,59,45733.85457,44
16,60,51148.9603,53
16,61,39789.61607,37
16,62,40281.30225,38
16,63,54315.98122,60
16,64,62054.92873,70
16,65,32274.40127,26
16,66,40710.05147,39
16,67,33075.29443,27
16,68,41537.53234,41
16,69,50598.21798,52
16,70,28886.14689,21
16,71,59504.45544,67
16,72,26400.06558,17
16,73,39436.79275,35
16,74,26373.71044,16
16,75,28515.36909,20
16,76,43436.94048,43
16,77,30183.03718,23
16,78,21211.65906,9
16,79,39561.13062,36
16,80,49914.25728,50
16,81,77997.29539,81
16,82,39151.16692,33
16,83,21688.07894,11
16,84,58830.53222,66
16,85,18589.35434,6
16,86,59995.40099,68
16,87,51780.7079,55
16,88,73941.75308,80
17,1,24836.40968,13
17,2,18900.94641,8
17,3,20374.01275,9
17,4,27381.92347,19
17,5,51395.46092,47
17,6,56665.23107,52
17,7,64494.75463,60
17,8,48033.46692,44
17,9,111535.2817,87
17,10,32514.32253,24
17,11,9422.328056,1
17,12,16022.10428,5
17,13,17496.62188,7
17,14,33312.57432,25
17,15,36531.05679,32
17,16,23824.47622,10
17,18,67937.62319,64
17,19,12370.51975,3
17,20,49078.78538,46
17,21,70459.10482,65
17,22,24283.80887,11
17,23,60935.24804,55
17,24,34456.47046,27
17,25,14747.4868,4
17,26,54106.531,49
17,27,25236.57214,15
17,28,39973.19398,33
17,29,10312.05113,2
17,30,74693.50191,69
17,31,17149.56849,6
17,32,25237.94262,16
17,33,42420.65283,39
17,34,26546.90661,18
17,35,44116.47085,41
17,36,26375.10313,17
17,37,88926.12437,81
17,38,57255.65962,53
17,39,61978.32871,56
17,40,98478.68874,85
17,41,85612.75767,78
17,42,62620.84983,57
17,43,76282.66581,72
17,44,73618.92422,67
17,45,85656.62593,79
17,46,92230.54496,82
17,47,86317.37521,80
17,48,79853.56437,73
17,49,64285.66165,59
17,50,84017.6692,77
17,51,71735.23936,66
17,52,54173.50558,50
17,53,93835.34357,83
17,54,36319.90034,31
17,55,100988.8717,86
17,56,74204.98423,68
17,57,63694.57835,58
17,58,75492.57602,70
17,59,56122.7589,51
17,60,48989.21037,45
17,61,47659.57789,42
17,62,40907.57188,35
17,63,42024.73172,38
17,64,47994.19817,43
17,65,40937.90799,36
17,66,60163.35101,54
17,67,35646.34614,30
17,68,34907.36874,28
17,69,35425.91546,29
17,70,40702.72687,34
17,71,82224.95204,74
17,72,33831.44746,26
17,73,29359.86174,22
17,74,43740.3283,40
17,75,28994.83848,21
17,76,65479.74541,61
17,77,24618.60165,12
17,78,27651.48239,20
17,79,53041.36527,48
17,80,66619.87428,63
17,81,65606.60467,62
17,82,24980.07533,14
17,83,41056.1208,37
17,84,82250.12938,75
17,85,31374.15645,23
17,86,83784.63446,76
17,87,75533.11225,71
17,88,97531.35212,84
18,1,54228.00044,35
18,2,49112.37805,28
18,3,52268.724,32
18,4,52175.59473,31
18,5,69837.43064,51
18,6,106142.0924,78
18,7,15979.55932,2
18,8,22986.23389,5
18,9,117610.9854,81
18,10,63653.48424,44
18,11,58829.70061,39
18,12,55637.36204,37
18,13,61082.794,42
18,14,68353.4863,49
18,15,75045.21174,57
18,16,69767.78349,50
18,17,67937.62319,48
18,19,66745.8098,47
18,20,83277.4978,61
18,21,101731.3524,75
18,22,73503.03283,54
18,23,93314.29799,70
18,24,81288.96781,60
18,25,74687.80019,56
18,26,92764.39266,69
18,27,80686.7041,59
18,28,86237.55524,64
18,29,77371.18669,58
18,30,112419.9144,80
18,31,84024.21065,62
18,32,85392.92366,63
18,33,96814.6653,72
18,34,88435.03735,67
18,35,104335.9001,77
18,36,93487.59883,71
18,37,140904.4206,85
18,38,120995.6321,83
18,39,129908.9627,84
18,40,163308.0473,87
18,41,144872.1355,86
18,42,103533.6479,76
18,43,109690.4887,79
18,44,70867.07186,52
18,45,74514.32074,55
18,46,51822.65399,30
18,47,56415.85416,38
18,48,38440.19143,16
18,49,11536.84756,1
18,50,65078.63349,46
18,51,34245.47254,11
18,52,20502.63259,4
18,53,86630.98239,66
18,54,35565.38823,12
18,55,62167.29351,43
18,56,51579.76927,29
18,57,43564.47972,21
18,58,64853.79767,45
18,59,35882.7868,13
18,60,19197.53288,3
18,61,34177.04804,10
18,62,29512.73574,6
18,63,33854.82052,9
18,64,36427.82578,14
18,65,39962.68024,18
18,66,60874.70618,41
18,67,36692.56364,15
18,68,33163.97338,8
18,69,42029.84541,20
18,70,45244.77655,25
18,71,86493.98703,65
18,72,43864.76128,23
18,73,39474.3463,17
18,74,54591.01537,36
18,75,41860.98573,19
18,76,73152.4266,53
18,77,43634.65965,22
18,78,48556.34706,27
18,79,43991.96472,24
18,80,53438.48874,34
18,81,32838.64466,7
18,82,45805.4367,26
18,83,59329.84282,40
18,84,92619.26593,68
18,85,52524.43779,33
18,86,100027.3019,74
18,87,99897.79768,73
18,88,120224.1638,82
19,1,15776.31309,5
19,2,19707.21273,8
19,3,14631.23671,4
19,4,35797.50508,32
19,5,39232.73646,38
19,6,47418.90377,47
19,7,66258.53594,70
19,8,49767.89874,52
19,9,99169.71619,85
19,10,20492.74351,11
19,11,12041.2458,2
19,12,23967.45852,15
19,13,28050.64254,20
19,14,44883.08927,44
19,15,24302.53321,16
19,16,11557.62194,1
19,17,12370.51975,3
19,18,66745.8098,71
19,20,36957.95408,35
19,21,58622.08932,60
19,22,36587.4753,33
19,23,48983.8612,50
19,24,46825.99182,46
19,25,26992.24634,19
19,26,42605.98988,42
19,27,16186.1201,6
19,28,29082.66243,21
19,29,20256.04736,9
19,30,63663.20103,64
19,31,18963.9707,7
19,32,36775.33167,34
19,33,34176.71995,30
19,34,21854.9756,13
19,35,38775.52834,37
19,36,33935.5133,29
19,37,81188.89634,79
19,38,54472.81975,57
19,39,65184.66965,69
19,40,105780.5441,86
19,41,95387.37562,84
19,42,51742.95565,54
19,43,64763.4396,68
19,44,62080.60341,62
19,45,74389.03838,77
19,46,84047.40211,81
19,47,77020.13669,78
19,48,84495.13188,82
19,49,61116.15875,61
19,50,73554.58007,76
19,51,64674.70382,66
19,52,50183.56626,53
19,53,82077.38218,80
19,54,39988.3044,39
19,55,107048.3505,87
19,56,64752.27544,67
19,57,54922.53846,58
19,58,64579.88254,65
19,59,48610.28772,49
19,60,47577.23721,48
19,61,41069.88405,40
19,62,37687.83909,36
19,63,46357.68683,45
19,64,53541.6889,56
19,65,33700.28503,28
19,66,49004.40625,51
19,67,31105.36435,24
19,68,35532.54825,31
19,69,41455.956,41
19,70,32060.09396,26
19,71,70060.33296,73
19,72,26723.78775,18
19,73,31858.89754,25
19,74,33058.16226,27
19,75,25055.10093,17
19,76,53485.62004,55
19,77,23872.98231,14
19,78,20389.04395,10
19,79,44105.70867,43
19,80,56573.32076,59
19,81,70352.06126,74
19,82,30004.44878,23
19,83,29649.39555,22
19,84,69911.12183,72
19,85,21732.58025,12
19,86,71428.14285,75
19,87,63338.30386,63
19,88,85478.13791,83
20,1,34843.54357,21
20,2,50992.58538,46
20,3,41076.12923,32
20,4,70883.64083,69
20,5,16875.32047,5
20,6,26021.32866,12
20,7,89263.02017,82
20,8,74821.54326,74
20,9,64196.17885,63
20,10,21944.90506,7
20,11,47592.99973,39
20,12,59640.762,56
20,13,64728.58331,65
20,14,81781.2001,78
20,15,12730.71271,3
20,16,25418.11896,10
20,17,49078.78538,41
20,18,83277.4978,79
20,19,36957.95408,25
20,21,22079.89939,8
20,22,73345.01585,71
20,23,12289.60829,2
20,24,83278.00618,80
20,25,63063.65951,62
20,26,9577.393783,1
20,27,27450.08683,14
20,28,13997.10081,4
20,29,54436.46053,51
20,30,29933.66561,18
20,31,45555.57912,36
20,32,71110.75153,70
20,33,25755.78158,11
20,34,35492.54273,22
20,35,37390.52528,26
20,36,62373.56113,59
20,37,58729.87868,55
20,38,54345.02476,50
20,39,78771.76369,77
20,40,126237.4669,86
20,41,122927.9793,85
20,42,20263.27413,6
20,43,29079.08532,17
20,44,39081.68819,28
20,45,51596.49791,47
20,46,76178.7691,76
20,47,65132.26354,66
20,48,111627.8508,84
20,49,73600.05915,72
20,50,56044.63173,54
20,51,64364.52717,64
20,52,62875.65941,61
20,53,54755.79839,52
20,54,69539.01727,68
20,55,135925.8229,87
20,56,54264.42788,49
20,57,50100.59769,44
20,58,45788.1867,37
20,59,50886.49155,45
20,60,66990.09894,67
20,61,49299.44245,43
20,62,55975.09001,53
20,63,75965.5333,75
20,64,84152.67183,81
20,65,43404.67156,34
20,66,32694.92894,19
20,67,49156.24068,42
20,68,61569.20997,58
20,69,73763.48766,73
20,70,38038.56996,27
20,71,39600.246,30
20,72,41067.24593,31
20,73,61402.57786,57
20,74,29049.29417,16
20,75,47369.93753,38
20,76,27741.94771,15
20,77,51709.6271,48
20,78,39140.45612,29
20,79,42419.64206,33
20,80,44963.01394,35
20,81,98488.72903,83
20,82,62696.64023,60
20,83,23965.52158,9
20,84,36495.33734,24
20,85,32708.29431,20
20,86,35696.17735,23
20,87,26482.02803,13
20,88,48523.69164,40
21,1,56670.04472,34
21,2,73029.62225,54
21,3,63058.0102,43
21,4,92959.5428,73
21,5,31894.41502,13
21,6,27710.59663,10
21,7,109337.6172,82
21,8,95684.9583,75
21,9,48632.70335,27
21,10,43683.06032,20
21,11,69580.49674,50
21,12,81668.61623,61
21,13,86585.66399,67
21,14,103502.3929,79
21,15,34710.76948,15
21,16,47200.4567,23
21,17,70459.10482,52
21,18,101731.3524,78
21,19,58622.08932,37
21,20,22079.89939,8
21,22,94565.23916,74
21,23,9790.802206,3
21,24,104174.7559,80
21,25,83921.04226,64
21,26,16831.11151,6
21,27,46892.32542,22
21,28,31463.70233,12
21,29,74762.97176,56
21,30,12529.00218,4
21,31,64433.0627,46
21,32,91002.02613,70
21,33,37463.12911,17
21,34,52662.84767,30
21,35,47528.19366,25
21,36,80324.44446,59
21,37,48292.19348,26
21,38,60623.99153,39
21,39,89013.38981,69
21,40,137630.2868,85
21,41,138220.6547,86
21,42,14224.78911,5
21,43,7973.069058,1
21,44,43053.89174,18
21,45,52781.27935,31
21,46,84669.77718,65
21,47,72383.05493,53
21,48,132383.5727,84
21,49,91240.98829,72
21,50,60761.16457,40
21,51,77858.9043,58
21,52,81255.47506,60
21,53,50860.18508,28
21,54,91228.79159,71
21,55,156924.4095,87
21,56,63893.58149,45
21,57,63392.59399,44
21,58,51518.74673,29
21,59,67040.88102,47
21,60,86895.24402,68
21,61,67615.65413,48
21,62,76198.4746,57
21,63,97586.80169,77
21,64,105840.5374,81
21,65,62825.38752,42
21,66,43893.69622,21
21,67,69775.41255,51
21,68,82927.32678,62
21,69,95717.02387,76
21,70,57308.5686,35
21,71,35003.06616,16
21,72,61726.29371,41
21,73,83199.48155,63
21,74,47380.2974,24
21,75,68745.90514,49
21,76,33396.37433,14
21,77,73518.50001,55
21,78,60611.36483,38
21,79,58423.43968,36
21,80,55671.40093,33
21,81,119604.9749,83
21,82,84729.05061,66
21,83,43390.71053,19
21,84,27912.68425,11
21,85,53851.70557,32
21,86,21744.4202,7
21,87,9719.10432,2
21,88,27465.02914,9
22,1,46254.06507,25
22,2,32731.95759,14
22,3,40055.32137,20
22,4,21487.29503,8
22,5,74997.64683,58
22,6,78643.80845,60
22,7,64804.20491,46
22,8,50669.47128,31
22,9,135581.5182,87
22,10,56106.50068,35
22,11,28529.88292,10
22,12,20869.81542,6
22,13,13677.92356,4
22,14,12298.78654,3
22,15,60814.73222,40
22,16,48099.71231,28
22,17,24283.80887,9
22,18,73503.03283,56
22,19,36587.4753,17
22,20,73345.01585,55
22,21,94565.23916,71
22,23,85122.15384,63
22,24,10683.90026,1
22,25,11294.71816,2
22,26,78039.02306,59
22,27,48351.4203,29
22,28,63635.64631,42
22,29,21297.94375,7
22,30,98138.68967,74
22,31,34029.79834,15
22,32,14120.60085,5
22,33,63961.17217,45
22,34,46567.47303,26
22,35,62647.0996,41
22,36,28983.81453,12
22,37,108479.6495,83
22,38,71456.30111,50
22,39,65675.73429,48
22,40,90503.90795,69
22,41,71518.65994,51
22,42,86015.86097,64
22,43,100142.9811,76
22,44,95943.7918,72
22,45,107387.5821,81
22,46,108603.5951,84
22,47,104702.8563,78
22,48,72862.70416,53
22,49,73627.21483,57
22,50,104390.6679,77
22,51,86969.67289,66
22,52,65800.17878,49
22,53,116409.6668,85
22,54,37937.65383,19
22,55,89843.26564,68
22,56,93141.22868,70
22,57,81934.24306,61
22,58,96745.34179,73
22,59,72895.25124,54
22,60,57085.03587,36
22,61,63776.65762,44
22,62,53121.86754,34
22,63,40675.47027,21
22,64,42610.95661,23
22,65,58571.9912,37
22,66,82062.91521,62
22,67,50593.68253,30
22,68,42498.95156,22
22,69,32171.62159,13
22,70,60083.8137,39
22,71,105688.95,79
22,72,52154.89113,32
22,73,35638.57781,16
22,74,65421.00899,47
22,75,44594.30845,24
22,76,88678.30486,67
22,77,37673.95891,18
22,78,47066.9728,27
22,79,72007.30033,52
22,80,86685.54882,65
22,81,59571.98059,38
22,82,28675.69949,11
22,83,63719.99084,43
22,84,106183.2203,80
22,85,52619.67764,33
22,86,108002.3816,82
22,87,99810.40466,75
22,88,121745.7967,86
23,1,46952.05934,28
23,2,63249.98128,53
23,3,53294.30304,39
23,4,83171.95522,72
23,5,23869.87243,9
23,6,24717.62744,10
23,7,100301.8191,82
23,8,86335.34583,76
23,9,54932.73978,41
23,10,33977.94311,16
23,11,59829.15923,50
23,12,71902.24583,59
23,13,76888.56701,66
23,14,93863.43464,79
23,15,24948.84787,11
23,16,37510.29371,20
23,17,60935.24804,52
23,18,93314.29799,78
23,19,48983.8612,31
23,20,12289.60829,3
23,21,9790.802206,2
23,22,85122.15384,74
23,24,94866.40822,80
23,25,74609.70079,64
23,26,8891.208183,1
23,27,37949.7792,22
23,28,22789.79483,8
23,29,65638.54498,55
23,30,19131.95307,7
23,31,55810.52203,42
23,32,82075.66467,70
23,33,30963.51504,15
23,34,44563.3469,27
23,35,41980.08513,25
23,36,72124.90481,60
23,37,52096.35049,37
23,38,56946.76288,44
23,39,83976.83797,73
23,40,132308.7484,86
23,41,131254.7231,85
23,42,13276.89883,4
23,43,17048.9796,6
23,44,39785.02116,24
23,45,51020.70176,35
23,46,80200.2601,68
23,47,68317.63544,57
23,48,123098.2737,84
23,49,83113.47089,71
23,50,57610.39648,45
23,51,71290.87875,58
23,52,72812.08909,61
23,53,51393.52597,36
23,54,81571.83852,69
23,55,147551.6065,87
23,56,58734.8389,46
23,57,56769.36877,43
23,58,47747.03398,29
23,59,59359.49915,49
23,60,77893.05032,67
23,61,59137.41776,47
23,62,67057.79604,56
23,63,87956.76164,77
23,64,96188.14108,81
23,65,53928.06357,40
23,66,37700.27626,21
23,67,60479.78886,51
23,68,73385.79434,62
23,69,85966.79135,75
23,70,48434.26682,30
23,71,35380.417,18
23,72,52397.87656,38
23,73,73502.06755,63
23,74,38733.69147,23
23,75,59185.84064,48
23,76,28941.35266,13
23,77,63813.95034,54
23,78,51010.24171,34
23,79,50717.97309,33
23,80,49947.43594,32
23,81,110173.7025,83
23,82,74951.42152,65
23,83,34351.37484,17
23,84,29995.9752,14
23,85,44343.763,26
23,86,26547.85422,12
23,87,15550.98035,5
23,88,36632.52149,19
24,1,56935.32508,26
24,2,43189.96639,15
24,3,50730.85047,22
24,4,29312.91305,6
24,5,85536.6228,59
24,6,86831.81834,60
24,7,71168.67291,44
24,8,58302.74915,30
24,9,145969.0875,87
24,10,66626.92061,39
24,11,39203.64864,12
24,12,31150.88553,8
24,13,23856.01483,5
24,14,13762.5623,2
24,15,70882.85752,43
24,16,58241.13932,29
24,17,34456.47046,10
24,18,81288.96781,53
24,19,46825.99182,18
24,20,83278.00618,57
24,21,104174.7559,71
24,22,10683.90026,1
24,23,94866.40822,65
24,25,20258.35735,4
24,26,87502.41137,61
24,27,57516.84689,27
24,28,72953.87468,46
24,29,29693.3733,7
24,30,107120.1749,73
24,31,41739.56065,14
24,32,16399.8229,3
24,33,72113.69936,45
24,34,54523.05175,24
24,35,69501.39954,41
24,36,32603.99584,9
24,37,115128.675,79
24,38,76241.78186,52
24,39,66193.57232,38
24,40,85097.8325,58
24,41,63813.12554,36
24,42,95011.41588,66
24,43,109469.8146,75
24,44,106625.6315,72
24,45,118064.7235,82
24,46,118617.4499,84
24,47,115059.4314,78
24,48,76078.71189,50
24,49,82410.50556,54
24,50,114984.1865,77
24,51,96875.37117,67
24,52,75218.36127,49
24,53,127087.5494,85
24,54,46002.85245,17
24,55,90603.32343,62
24,56,103597.8253,70
24,57,92335.77576,63
24,58,107406.7092,74
24,59,83140.51049,56
24,60,65913.40017,37
24,61,73995.68828,47
24,62,62876.1479,33
24,63,47656.42059,19
24,64,47981.03493,21
24,65,69017.36303,40
24,66,92746.65186,64
24,67,60804.39574,31
24,68,51710.54346,23
24,69,39287.05684,13
24,70,70678.14482,42
24,71,116273.9266,80
24,72,62705.36184,32
24,73,44937.74555,16
24,74,76104.86459,51
24,75,54970.47581,25
24,76,99298.68858,69
24,77,47920.09423,20
24,78,57710.98974,28
24,79,82525.55134,55
24,80,97273.5329,68
24,81,63694.43072,35
24,82,37987.59305,11
24,83,74374.11544,48
24,84,116627.6968,81
24,85,63303.35696,34
24,86,118230.7233,83
24,87,109759.2218,76
24,88,131492.2831,86
25,1,38968.07131,23
25,2,28649.75703,14
25,3,33601.03466,16
25,4,25553.70037,12
25,5,66136.58061,51
25,6,67370.29454,54
25,7,68202.13329,55
25,8,52702.92161,38
25,9,126101.9748,87
25,10,47261.66149,32
25,11,21636.44304,9
25,12,19082.46026,6
25,13,14321.02119,4
25,14,22917.00329,11
25,15,50752.65444,34
25,16,38206.79595,22
25,17,14747.4868,5
25,18,74687.80019,61
25,19,26992.24634,13
25,20,63063.65951,48
25,21,83921.04226,68
25,22,11294.71816,2
25,23,74609.70079,59
25,24,20258.35735,7
25,26,67268.84351,53
25,27,37357.69146,21
25,28,52752.8593,39
25,29,10005.14049,1
25,30,87087.36658,69
25,31,22777.71808,10
25,32,11588.05419,3
25,33,52678.40284,37
25,34,35273.17933,18
25,35,51489.22472,36
25,36,20646.20677,8
25,37,97308.49739,78
25,38,61088.10763,47
25,39,58432.01124,45
25,40,88786.89862,72
25,41,73092.29129,58
25,42,74965.48983,62
25,43,89281.39414,73
25,44,88239.39144,71
25,45,100150.0408,83
25,46,104711.2764,84
25,47,99641.37862,82
25,48,79443.76074,64
25,49,73048.77911,57
25,50,98091.24802,79
25,51,83579.12035,67
25,52,64003.71095,49
25,53,108517.342,85
25,54,39900.21037,24
25,55,98151.63905,80
25,56,87708.09373,70
25,57,76854.68467,63
25,58,89834.44651,75
25,59,68563.95295,56
25,60,56795.32145,43
25,61,59689.25006,46
25,62,50778.48861,35
25,63,44124.21468,28
25,64,47920.25122,33
25,65,53606.42683,40
25,66,74659.56176,60
25,67,46848.48593,31
25,68,41950.70348,27
25,69,36013.46667,20
25,70,54169.94164,41
25,71,96968.54888,77
25,72,46713.6638,30
25,73,35298.79645,19
25,74,58119.43579,44
25,75,40345.2454,25
25,76,80221.9651,65
25,77,34315.81607,17
25,78,40936.91027,26
25,79,66440.8076,52
25,80,80532.19012,66
25,81,65577.46345,50
25,82,28915.56354,15
25,83,55696.07871,42
25,84,96895.85725,76
25,85,45515.0857,29
25,86,98179.7478,81
25,87,89538.68212,74
25,88,111234.2336,86
26,1,43080.15036,26
26,2,58528.4756,47
26,3,48901.3528,34
26,4,77749.54023,71
26,5,25863.79989,12
26,6,17726.92105,6
26,7,98407.67128,82
26,8,83668.65905,75
26,9,63787.60209,56
26,10,30536.28603,14
26,11,54026.89471,41
26,12,66182.116,58
26,13,70656.12319,63
26,14,87335.96946,78
26,15,19875.75188,7
26,16,31504.26662,15
26,17,54106.531,42
26,18,92764.39266,81
26,19,42605.98988,25
26,20,9577.393783,2
26,21,16831.11151,5
26,22,78039.02306,72
26,23,8891.208183,1
26,24,87502.41137,79
26,25,67268.84351,59
26,27,30096.23348,13
26,28,14641.33158,4
26,29,58000.73196,45
26,30,21511.43819,8
26,31,47612.18779,31
26,32,74177.64592,67
26,33,22093.82487,9
26,34,35997.38031,20
26,35,33237.4443,16
26,36,63640.50747,55
26,37,49219.12555,35
26,38,48746.05096,33
26,39,75247.60757,68
26,40,123495.5035,86
26,41,122405.4715,85
26,42,10806.59114,3
26,43,22184.97331,10
26,44,45853.95794,29
26,45,57796.49594,44
26,46,84662.53365,77
26,47,73251.23518,65
26,48,120453.0466,84
26,49,83159.54955,74
26,50,63392.41813,54
26,51,73688.04123,66
26,52,72396.02169,64
26,53,59267.15423,49
26,54,77728.76371,70
26,55,144581.1877,87
26,56,62836.20185,53
26,57,59328.68605,50
26,58,53251.50992,39
26,59,60429.4246,52
26,60,76237.16901,69
26,61,58845.95844,48
26,62,65162.56769,57
26,63,84215.8282,76
26,64,92294.9954,80
26,65,52840.96759,38
26,66,41297.33555,23
26,67,58227.32105,46
26,68,70135.8811,61
26,69,81467.70985,73
26,70,47520.35047,30
26,71,43412.94058,27
26,72,50172.46904,36
26,73,69474.96075,60
26,74,38625.59554,22
26,75,56003.83108,43
26,76,34573.77565,18
26,77,59819.30436,51
26,78,47760.41771,32
26,79,51931.08138,37
26,80,53665.31002,40
26,81,107123.4192,83
26,82,70184.88556,62
26,83,33499.50594,17
26,84,38591.01187,21
26,85,41642.57139,24
26,86,35438.6972,19
26,87,24260.94822,11
26,88,44295.68222,28
27,1,26645.6661,11
27,2,35715.96655,22
27,3,28846.13668,15
27,4,51494.80383,49
27,5,36522.38934,23
27,6,31602.26605,18
27,7,81647.8368,80
27,8,65323.08801,67
27,9,91646.22814,83
27,10,22242.84753,8
27,11,28100.84358,14
27,12,39628.86452,31
27,13,42618.73068,34
27,14,58406.8371,57
27,15,17407.37148,5
27,16,11582.99766,2
27,17,25236.57214,10
27,18,80686.7041,78
27,19,16186.1201,4
27,20,27450.08683,12
27,21,46892.32542,39
27,22,48351.4203,41
27,23,37949.7792,28
27,24,57516.84689,55
27,25,37357.69146,25
27,26,30096.23348,16
27,28,15470.70628,3
27,29,27919.93573,13
27,30,49789.68805,42
27,31,18105.50903,7
27,32,44142.72898,37
27,33,17993.71386,6
27,34,10124.1851,1
27,35,23649.86995,9
27,36,35007.31994,21
27,37,65012.12125,66
27,38,40704.91904,33
27,39,57187.55868,53
27,40,102107.4978,86
27,41,96243.50116,84
27,42,37668.45716,26
27,43,51954.29512,50
27,44,61225.02822,59
27,45,74073.60353,74
27,46,90378.00202,82
27,47,81559.26002,79
27,48,100559.96,85
27,49,73792.95791,73
27,50,75612.82631,76
27,51,73216.55059,72
27,52,62539.1925,63
27,53,79656.0975,77
27,54,56070.66885,52
27,55,123230.3673,87
27,56,69402.04807,70
27,57,61286.15428,60
27,58,65733.34169,69
27,59,57261.74872,54
27,60,61804.14041,61
27,61,51359.44886,48
27,62,51182.79691,47
27,63,62482.72153,62
27,64,69726.24252,71
27,65,43833.76618,35
27,66,50220.53484,43
27,67,44078.62983,36
27,68,50996.45556,46
27,69,57622.62169,56
27,70,40449.87459,32
27,71,65651.32962,68
27,72,37800.03673,27
27,73,47854.58131,40
27,74,37231.07964,24
27,75,38966.52687,29
27,76,50887.90948,45
27,77,39335.56501,30
27,78,32281.52398,20
27,79,50861.22431,44
27,80,60331.96729,58
27,81,86457.48562,81
27,82,46186.00938,38
27,83,32099.32978,19
27,84,63602.16848,65
27,85,30167.35963,17
27,86,63129.68385,64
27,87,53329.15767,51
27,88,74341.86171,75
28,1,33142.06407,18
28,2,46718.42829,35
28,3,37858.16511,23
28,4,64800.11351,61
28,5,28126.9261,13
28,6,20102.03693,7
28,7,89792.39868,82
28,8,74174.24962,75
28,9,77306.82219,77
28,10,22669.8804,9
28,11,40945.33068,27
28,12,53021.11082,45
28,13,56933.49871,50
28,14,73285.24672,74
28,15,11617.08057,1
28,16,18984.41622,6
28,17,39973.19398,26
28,18,86237.55524,80
28,19,29082.66243,14
28,20,13997.10081,3
28,21,31463.70233,16
28,22,63635.64631,60
28,23,22789.79483,11
28,24,72953.87468,72
28,25,52752.8593,44
28,26,14641.33158,4
28,27,15470.70628,5
28,29,43389.57357,32
28,30,34731.22875,20
28,31,33052.25098,17
28,32,59538.62724,58
28,33,13015.18273,2
28,34,21928.65757,8
28,35,24314.50425,12
28,36,49362.03024,39
28,37,55026.42932,48
28,38,41962.33524,29
28,39,64984.20207,64
28,40,112260.1038,86
28,41,109195.1657,84
28,42,22704.73445,10
28,43,36529.33788,22
28,44,52152.59467,43
28,45,64889.8438,63
28,46,86664.16036,81
28,47,76395.17378,76
28,48,110568.0943,85
28,49,77756.41083,78
28,50,68402.92336,68
28,51,72389.98729,71
28,52,66551.19023,65
28,53,68646.91021,69
28,54,66714.98441,66
28,55,134122.9156,87
28,56,64851.9817,62
28,57,58868.30624,56
28,58,58162.34367,54
28,59,57441.96938,52
28,60,68373.95031,67
28,61,53718.91597,47
28,62,57252.33578,51
28,63,73243.01867,73
28,64,81029.51167,79
28,65,46749.23189,36
28,66,43780.53669,33
28,67,50026.6762,41
28,68,60082.56005,59
28,69,69561.1933,70
28,70,42058.30344,30
28,71,53594.36348,46
28,72,42411.89618,31
28,73,58359.34934,55
28,74,35332.4155,21
28,75,46474.5317,34
28,76,40987.52493,28
28,77,48974.78649,38
28,78,38517.95888,25
28,79,49650.99183,40
28,80,55459.1644,49
28,81,96809.37719,83
28,82,58095.35841,53
28,83,29663.27115,15
28,84,50323.57938,42
28,85,33716.42558,19
28,86,48732.8573,37
28,87,38317.13367,24
28,88,58927.56582,57
29,1,34627.90288,21
29,2,28759.57385,13
29,3,30613.44409,16
29,4,32355.77269,17
29,5,59187.41008,51
29,6,57416.00518,47
29,7,72792.64538,59
29,8,56603.60223,46
29,9,118137.0435,87
29,10,40673.23744,25
29,11,19631.24817,6
29,12,22894.21909,10
29,13,20999.48467,8
29,14,32747.95257,18
29,15,42525.09643,29
29,16,30460.77597,15
29,17,10312.05113,2
29,18,77371.18669,66
29,19,20256.04736,7
29,20,54436.46053,45
29,21,74762.97176,63
29,22,21297.94375,9
29,23,65638.54498,55
29,24,29693.3733,14
29,25,10005.14049,1
29,26,58000.73196,49
29,27,27919.93573,12
29,28,43389.57357,31
29,30,77426.83528,67
29,31,12828.69826,3
29,32,16841.82636,5
29,33,42710.37719,30
29,34,25270.03474,11
29,35,41614.45261,27
29,36,16252.76134,4
29,37,87396.7085,75
29,38,52094.55605,41
29,39,52969.88124,42
29,40,88181.90129,76
29,41,75622.00383,64
29,42,65319.16479,54
29,43,79851.69028,68
29,44,82333.70637,71
29,45,94634.96235,81
29,46,102450.1877,85
29,47,96304.89932,82
29,48,86285.17757,74
29,49,74251.72157,62
29,50,93544.55912,80
29,51,82037.30637,70
29,52,64322.36742,53
29,53,102275.7458,84
29,54,44280.35732,34
29,55,106132.3606,86
29,56,84132.22412,72
29,57,73780.11103,61
29,58,84741.30463,73
29,59,66381.73774,56
29,60,58651.58714,50
29,61,57963.82863,48
29,62,51020.37166,39
29,63,49401.34106,36
29,64,54372.33886,44
29,65,51189.92101,40
29,66,69220.09311,57
29,67,45926.39875,35
29,68,44208.58119,33
29,69,41940.39813,28
29,70,50746.08592,38
29,71,89920.06347,78
29,72,44068.08984,32
29,73,38164.69307,23
29,74,53079.21939,43
29,75,39270.60828,24
29,76,73579.28159,60
29,77,34566.10676,20
29,78,37827.21006,22
29,79,63065.7361,52
29,80,76321.44771,65
29,81,72162.13744,58
29,82,32811.35526,19
29,83,49891.19963,37
29,84,89234.3321,77
29,85,41081.36457,26
29,86,89923.7196,79
29,87,80802.93806,69
29,88,102178.3686,83
30,1,64491.97066,34
30,2,80036.99959,54
30,3,70401.97505,41
30,4,99110.01937,72
30,5,42949.45466,16
30,6,22999.55734,7
30,7,119092.6412,82
30,8,104755.0999,76
30,9,55414.38161,26
30,10,51767.18046,21
30,11,75308.89799,46
30,12,87456.26402,61
30,13,91631.07524,65
30,14,108005.2709,79
30,15,41377.06521,15
30,16,52842.72231,22
30,17,74693.50191,45
30,18,112419.9144,80
30,19,63663.20103,32
30,20,29933.66561,9
30,21,12529.00218,3
30,22,98138.68967,71
30,23,19131.95307,4
30,24,107120.1749,78
30,25,87087.36658,60
30,26,21511.43819,6
30,27,49789.68805,20
30,28,34731.22875,11
30,29,77426.83528,50
30,31,65926.36222,36
30,32,92833.10386,68
30,33,36285.90232,13
30,34,53364.77721,24
30,35,44168.33811,17
30,36,80495.27448,55
30,37,36012.73773,12
30,38,54195.05694,25
30,39,83696.17278,57
30,40,132237.7085,84
30,41,135363.6701,85
30,42,12123.51609,2
30,43,6859.135097,1
30,44,55578.63384,27
30,45,65094.57055,35
30,46,97186.89819,70
30,47,84911.40015,58
30,48,141561.4845,86
30,49,102245.3232,74
30,50,73261.31548,44
30,51,89893.46161,62
30,52,91920.28494,67
30,53,62432.79243,30
30,54,99184.37047,73
30,55,165836.2052,87
30,56,76317.18729,48
30,57,75382.40306,47
30,58,64047.60328,33
30,59,78421.33664,52
30,60,96742.8985,69
30,61,78246.57634,51
30,62,85803.10264,59
30,63,105657.0728,77
30,64,113767.214,81
30,65,72894.9092,43
30,66,55999.77311,28
30,67,79059.55266,53
30,68,91432.61999,64
30,69,102978.7668,75
30,70,67426.25877,37
30,71,46875.23503,19
30,72,70965.45202,42
30,73,90953.14517,63
30,74,57829.30994,29
30,75,77250.82741,49
30,76,45850.22423,18
30,77,81284.06714,56
30,78,69008.50367,39
30,79,69777.1743,40
30,80,67957.45569,38
30,81,128388.5156,83
30,82,91685.78717,66
30,83,53297.38564,23
30,84,39260.20056,14
30,85,62641.80459,31
30,86,31740.81763,10
30,87,20712.97076,5
30,88,29464.91687,8
31,1,34698.45382,18
31,2,35055.9259,20
31,3,33086.17023,16
31,4,43751.20247,29
31,5,53401.07823,44
31,6,45100.47059,30
31,7,81473.08576,71
31,8,64946.1279,54
31,9,109751.6628,86
31,10,36460.01423,21
31,11,25354.95263,9
31,12,32970.04364,14
31,13,32827.55658,13
31,14,45575.66522,32
31,15,34945.33661,19
31,16,24940.00893,8
31,17,17149.56849,4
31,18,84024.21065,77
31,19,18963.9707,6
31,20,45555.57912,31
31,21,64433.0627,52
31,22,34029.79834,17
31,23,55810.52203,48
31,24,41739.56065,26
31,25,22777.71808,7
31,26,47612.18779,37
31,27,18105.50903,5
31,28,33052.25098,15
31,29,12828.69826,2
31,30,65926.36222,57
31,32,26906.79561,10
31,33,30390.12802,12
31,34,12790.07511,1
31,35,28799.55517,11
31,36,17098.10526,3
31,37,74568.07632,65
31,38,40299.56085,23
31,39,46443.86541,35
31,40,87252.91868,78
31,41,78920.67084,67
31,42,53921.50628,46
31,43,68886.49719,61
31,44,77718.24362,66
31,45,90427.03677,79
31,46,102748.9054,85
31,47,95235.32867,82
31,48,96923.77646,84
31,49,79331.91919,68
31,50,90797.80271,80
31,51,83622.95545,76
31,52,68644.04908,60
31,53,96846.25519,83
31,54,53444.07576,45
31,55,117676.2278,87
31,56,82942.0431,74
31,57,73523.53179,63
31,58,81333.53312,70
31,59,67540.37991,58
31,60,64868.56803,53
31,61,60020.25799,50
31,62,55758.45819,47
31,63,59172.88262,49
31,64,65010.98372,55
31,65,52664.23935,43
31,66,65629.87658,56
31,67,49580.82606,38
31,68,51416.50629,41
31,69,52437.68946,42
31,70,50873.89942,40
31,71,83333.23854,75
31,72,45672.97128,33
31,73,46275.98377,34
31,74,50699.80521,39
31,75,43210.30753,28
31,76,67941.52459,59
31,77,40391.46979,25
31,78,39316.85533,22
31,79,62719.52168,51
31,80,74396.25328,64
31,81,82687.77598,73
31,82,42129.39577,27
31,83,46448.20533,36
31,84,81609.89341,72
31,85,40389.1872,24
31,86,81229.72265,69
31,87,71285.26696,62
31,88,91883.18128,81
32,1,49999.21034,23
32,2,40227.61327,16
32,3,44951.45572,18
32,4,34476.5904,12
32,5,75927.25095,54
32,6,71729.57305,50
32,7,77885.86107,56
32,8,62981.05116,42
32,9,134950.3962,87
32,10,57268.05933,34
32,11,33038.86487,11
32,12,30174.41464,10
32,13,24322.30544,6
32,14,25780.84983,8
32,15,59338.98844,37
32,16,47291.04035,22
32,17,25237.94262,7
32,18,85392.92366,63
32,19,36775.33167,13
32,20,71110.75153,48
32,21,91002.02613,67
32,22,14120.60085,2
32,23,82075.66467,60
32,24,16399.8229,4
32,25,11588.05419,1
32,26,74177.64592,52
32,27,44142.72898,17
32,28,59538.62724,38
32,29,16841.82636,5
32,30,92833.10386,69
32,31,26906.79561,9
32,33,57099.23621,33
32,34,39568.0555,14
32,35,53550.12353,29
32,36,16240.17662,3
32,37,98963.11084,74
32,38,59847.82004,39
32,39,51675.08947,25
32,40,77918.70071,57
32,41,61508.25589,40
32,42,80822.2332,59
32,43,95715.86641,71
32,44,98739.04772,73
32,45,110865.4282,82
32,46,116280.1153,84
32,47,111073.1709,83
32,48,86937.27402,64
32,49,84282.13154,61
32,50,109204.1522,81
32,51,95167.1745,70
32,52,75453.78886,53
32,53,118836.2771,86
32,54,50111.48063,24
32,55,103850.599,77
32,56,99081.04319,75
32,57,88312.585,65
32,58,100730.5095,76
32,59,80122.13486,58
32,60,67908.99155,46
32,61,71268.53979,49
32,62,62274.52974,41
32,63,53656.40201,30
32,64,56337.44262,31
32,65,65124.08766,43
32,66,85379.35104,62
32,67,58435.53364,36
32,68,53055.99613,28
32,69,45249.07339,19
32,70,65520.13265,44
32,71,106703.8604,80
32,72,58185.20243,35
32,73,46289.28744,21
32,74,68978.20301,47
32,75,51931.84529,26
32,76,90252.11741,66
32,77,45866.33418,20
32,78,52305.43832,27
32,79,77828.22355,55
32,80,91731.99812,68
32,81,73534.7409,51
32,82,39637.65137,15
32,83,66190.69506,45
32,84,106076.0727,78
32,85,56552.28024,32
32,86,106685.3624,79
32,87,97370.03349,72
32,88,118464.3002,85
33,1,42698.71119,22
33,2,53597.76067,36
33,3,46091.45325,28
33,4,69278.62221,59
33,5,41050.49645,19
33,6,14720.98402,3
33,7,98937.19491,81
33,8,82801.93944,74
33,9,85654.68312,76
33,10,34258.55107,15
33,11,46078.19605,27
33,12,57443.45688,42
33,13,59915.98952,45
33,14,74872.11974,65
33,15,24112.62096,7
33,16,27233.98693,10
33,17,42420.65283,21
33,18,96814.6653,80
33,19,34176.71995,14
33,20,25755.78158,9
33,21,37463.12911,17
33,22,63961.17217,49
33,23,30963.51504,13
33,24,72113.69936,63
33,25,52678.40284,32
33,26,22093.82487,6
33,27,17993.71386,5
33,28,13015.18273,2
33,29,42710.37719,23
33,30,36285.90232,16
33,31,30390.12802,12
33,32,57099.23621,41
33,34,17600.44622,4
33,35,11635.44889,1
33,36,44216.16207,24
33,37,47019.89673,29
33,38,28975.67035,11
33,39,53377.08263,34
33,40,101442.0634,84
33,41,100761.0514,83
33,42,24784.28424,8
33,43,40229.15116,18
33,44,64705.55978,52
33,45,77317.55538,67
33,46,99661.60512,82
33,47,89404.03122,79
33,48,118405.798,86
33,49,88996.17744,78
33,50,81251.82313,73
33,51,85017.09092,75
33,52,77709.36997,68
33,53,80295.9586,71
33,54,73962.015,64
33,55,141205.9791,87
33,56,77863.3998,69
33,57,71702.3998,62
33,58,70993.58795,61
33,59,69775.90129,60
33,60,78351.03588,70
33,61,65386.70646,54
33,62,67408.28257,56
33,63,80403.98866,72
33,64,87708.95308,77
33,65,58143.51265,44
33,66,56777.04192,39
33,67,60169.74109,46
33,68,68485.802,58
33,69,75614.88433,66
33,70,53830.66209,37
33,71,64784.41047,53
33,72,53064.19453,33
33,73,65697.16857,55
33,74,47904.81337,30
33,75,55746.1789,38
33,76,53419.94508,35
33,77,56916.9073,40
33,78,48337.92961,31
33,79,62236.2646,48
33,80,68471.77271,57
33,81,104349.1237,85
33,82,64179.3187,51
33,83,42246.24351,20
33,84,60537.03623,47
33,85,44620.49286,25
33,86,57477.11618,43
33,87,46011.66843,26
33,88,64091.08849,50
34,1,35280.55967,17
34,2,41239.04105,24
34,3,36166.36463,20
34,4,53924.91814,44
34,5,46280.36446,31
34,6,32311.14255,13
34,7,88033.31605,78
34,8,71499.06103,66
34,9,99235.19445,84
34,10,32304.40333,12
34,11,32316.98063,14
34,12,42391.22774,27
34,13,43736.55938,28
34,14,57788.20563,48
34,15,27026.71601,10
34,16,21225.06687,5
34,17,26546.90661,9
34,18,88435.03735,79
34,19,21854.9756,6
34,20,35492.54273,18
34,21,52662.84767,40
34,22,46567.47303,32
34,23,44563.3469,29
34,24,54523.05175,45
34,25,35273.17933,16
34,26,35997.38031,19
34,27,10124.1851,1
34,28,21928.65757,7
34,29,25270.03474,8
34,30,53364.77721,43
34,31,12790.07511,2
34,32,39568.0555,22
34,33,17600.44622,3
34,35,17622.38933,4
34,36,27661.84102,11
34,37,62624.58002,57
34,38,32625.13482,15
34,39,47075.81903,35
34,40,92207.42045,83
34,41,87438.79685,77
34,42,41459.26357,25
34,43,56629.61397,46
34,44,71025.67663,63
34,45,83891.781,75
34,46,100421.3202,85
34,47,91679.78399,82
34,48,105486.4254,86
34,49,82250.04152,73
34,50,85675.01889,76
34,51,82941.51176,74
34,52,71103.46578,64
34,53,89058.55056,80
34,54,61141.63487,55
34,55,127273.83,87
34,56,79513.93648,71
34,57,71274.99763,65
34,58,75748.85263,70
34,59,66902.83552,58
34,60,69318.53067,60
34,61,60578.09113,53
34,62,59128.62772,49
34,63,67312.12222,59
34,64,73944.52097,68
34,65,53027.76906,41
34,66,60289.14561,51
34,67,52247.46257,39
34,68,57334.3342,47
34,69,61480.16063,56
34,70,50009.57677,37
34,71,74644.7143,69
34,72,46637.02685,34
34,73,53272.02425,42
34,74,47291.79477,36
34,75,46590.2736,33
34,76,60474.22216,52
34,77,45706.18894,30
34,78,40736.91663,23
34,79,60765.74961,54
34,80,70455.19885,61
34,81,91253.12742,81
34,82,50414.92542,38
34,83,42211.22157,26
34,84,71986.56391,67
34,85,39542.01607,21
34,86,70661.46317,62
34,87,60113.72821,50
34,88,79986.24264,72
35,1,50225.62008,25
35,2,58440.35295,35
35,3,52386.37966,27
35,4,71496.29841,51
35,5,52440.37959,28
35,6,21169.55137,4
35,7,104973.227,83
35,8,88524.55625,70
35,9,96108.82171,79
35,10,43755.41054,18
35,11,49802.25796,24
35,12,60008.41206,36
35,13,61118.74194,37
35,14,74357.14416,56
35,15,34673.27813,10
35,16,34825.93626,11
35,17,44116.47085,19
35,18,104335.9001,82
35,19,38775.52834,13
35,20,37390.52528,12
35,21,47528.19366,22
35,22,62647.0996,41
35,23,41980.08513,16
35,24,69501.39954,49
35,25,51489.22472,26
35,26,33237.4443,8
35,27,23649.86995,5
35,28,24314.50425,6
35,29,41614.45261,15
35,30,44168.33811,20
35,31,28799.55517,7
35,32,53550.12353,31
35,33,11635.44889,1
35,34,17622.38933,2
35,36,38788.23451,14
35,37,45832.62093,21
35,38,17941.38615,3
35,39,42010.61718,17
35,40,90365.56905,73
35,41,91271.60869,74
35,42,33866.08341,9
35,43,49106.62357,23
35,44,76299.40341,59
35,45,88937.32921,72
35,46,110551.8218,85
35,47,100571.3494,81
35,48,122984.698,86
35,49,97294.95553,80
35,50,92714.42667,77
35,51,95094.60169,78
35,52,86013.73729,69
35,53,91886.97377,76
35,54,78553.55556,61
35,55,144891.285,87
35,56,88872.02144,71
35,57,82187.69495,65
35,58,82469.18556,66
35,59,79504.25349,63
35,60,85440.00928,68
35,61,74366.70748,57
35,62,74829.49053,58
35,63,84793.28771,67
35,64,91531.46506,75
35,65,66928.05183,44
35,66,68024.19875,47
35,67,67709.01649,45
35,68,74247.756,55
35,69,79088.07506,62
35,70,63066.51551,42
35,71,76307.47353,60
35,72,61225.84661,38
35,73,70560.48467,50
35,74,58118.28877,34
35,75,62596.03367,40
35,76,65032.49619,43
35,77,62563.05281,39
35,78,55883.68165,32
35,79,72354.85715,53
35,80,79505.12462,64
35,81,108768.1157,84
35,82,67969.51669,46
35,83,52534.87417,29
35,84,71824.33186,52
35,85,53217.9789,30
35,86,68284.37267,48
35,87,56554.97635,33
35,88,73130.7442,54
36,1,49431.30958,25
36,2,45012.15587,20
36,3,46246.63473,22
36,4,46167.33705,21
36,5,70444.81626,50
36,6,58368.15348,34
36,7,88250.35034,67
36,8,72321.43097,53
36,9,126511.8389,87
36,10,53094.32136,28
36,11,35787.12561,12
36,12,38343.55682,14
36,13,34808.27161,10
36,14,41223.76482,16
36,15,52036.04649,27
36,16,41764.68968,17
36,17,26375.10313,5
36,18,93487.59883,71
36,19,33935.5133,9
36,20,62373.56113,40
36,21,80324.44446,57
36,22,28983.81453,7
36,23,72124.90481,51
36,24,32603.99584,8
36,25,20646.20677,4
36,26,63640.50747,42
36,27,35007.31994,11
36,28,49362.03024,24
36,29,16252.76134,2
36,30,80495.27448,58
36,31,17098.10526,3
36,32,16240.17662,1
36,33,44216.16207,19
36,34,27661.84102,6
36,35,38788.23451,15
36,37,83458.15047,62
36,38,43652.92462,18
36,39,37807.1301,13
36,40,72279.00059,52
36,41,61967.64157,38
36,42,68812.21387,49
36,43,84129.82086,63
36,44,94630.65488,72
36,45,107274.0375,81
36,46,117737.1019,85
36,47,110953.7803,83
36,48,100086.5863,78
36,49,90504.37007,70
36,50,107217.9322,80
36,51,97735.33858,73
36,52,80531.43361,59
36,53,113901.1086,84
36,54,59741.74031,36
36,55,118437.8619,86
36,56,98687.76695,77
36,57,88753.52482,68
36,58,97950.50075,75
36,59,81889.35338,60
36,60,74864.28995,55
36,61,73718.18843,54
36,62,67243.47894,47
36,63,64412.50906,43
36,64,68536.82248,48
36,65,66724.79739,45
36,66,82256.64657,61
36,67,61993.42221,39
36,68,60331.80065,37
36,69,56488.76627,33
36,70,65762.60825,44
36,71,100428.6724,79
36,72,59591.01496,35
36,73,54124.07811,30
36,74,66823.01981,46
36,75,55350.84279,31
36,76,84992.41676,64
36,77,50816.34349,26
36,78,53244.01482,29
36,79,77951.00841,56
36,80,90449.11764,69
36,81,86218.61489,65
36,82,48387.32978,23
36,83,62931.30106,41
36,84,98606.88972,76
36,85,55625.22503,32
36,86,97945.20066,74
36,87,87669.61193,66
36,88,107624.2953,82
37,1,88130.97206,33
37,2,100476.6155,47
37,3,92428.9389,38
37,4,116108.4458,69
37,5,74885.30866,22
37,6,34925.7899,1
37,7,144802.5165,84
37,8,129046.1901,79
37,9,86600.37305,30
37,10,77304.50077,24
37,11,93094.25116,39
37,12,104328.8774,54
37,13,106304.1963,56
37,14,120143.042,70
37,15,65886.04999,17
37,16,73306.29101,20
37,17,88926.12437,35
37,18,140904.4206,83
37,19,81188.89634,26
37,20,58729.87868,14
37,21,48292.19348,8
37,22,108479.6495,59
37,23,52096.35049,10
37,24,115128.675,68
37,25,97308.49739,43
37,26,49219.12555,9
37,27,65012.12125,16
37,28,55026.42932,11
37,29,87396.7085,31
37,30,36012.73773,2
37,31,74568.07632,21
37,32,98963.11084,45
37,33,47019.89673,7
37,34,62624.58002,15
37,35,45832.62093,6
37,36,83458.15047,29
37,38,42394.23683,4
37,39,69864.11656,19
37,40,114619.1601,66
37,41,125180.1479,77
37,42,39229.85974,3
37,43,42453.77216,5
37,44,91114.63704,37
37,45,101058.5999,49
37,46,132225.874,81
37,47,120188.6912,71
37,48,165126.8452,86
37,49,131841.3357,80
37,50,108924.9008,60
37,51,122797.0182,75
37,52,120836.3338,73
37,53,98278.71526,44
37,54,120814.3294,72
37,55,188168.511,87
37,56,110831.142,62
37,57,108356.0888,58
37,58,99417.88832,46
37,59,109613.0867,61
37,60,123354.6801,76
37,61,107516.0919,57
37,62,112215.2793,64
37,63,127292.1875,78
37,64,134696.0277,82
37,65,101029.8841,48
37,66,89685.99981,36
37,67,105011.8742,55
37,68,114836.1035,67
37,69,122634.5442,74
37,70,95951.92393,41
37,71,82865.03416,28
37,72,97277.97366,42
37,73,112500.5872,65
37,74,87626.36061,32
37,75,101454.5121,51
37,76,80797.55881,25
37,77,103458.2471,53
37,78,93543.35748,40
37,79,101143.5747,50
37,80,101998.5157,52
37,81,151165.4539,85
37,82,111193.3351,63
37,83,82281.63463,27
37,84,75108.47675,23
37,85,88551.24744,34
37,86,67071.98695,18
37,87,56666.45512,12
37,88,58107.97123,13
38,1,67306.39055,27
38,2,73654.31329,37
38,3,68743.39881,28
38,4,84015.40461,50
38,5,70023.26829,29
38,6,32927.46409,5
38,7,120520.467,82
38,8,103957.111,72
38,9,108897.8217,77
38,10,61603.98706,25
38,11,64401.83295,26
38,12,73221.52584,36
38,13,72925.29124,35
38,14,83697.00167,49
38,15,52595.27613,15
38,16,52194.15265,14
38,17,57255.65962,20
38,18,120995.6321,83
38,19,54472.81975,18
38,20,54345.02476,17
38,21,60623.99153,23
38,22,71456.30111,33
38,23,56946.76288,19
38,24,76241.78186,39
38,25,61088.10763,24
38,26,48746.05096,12
38,27,40704.91904,7
38,28,41962.33524,8
38,29,52094.55605,13
38,30,54195.05694,16
38,31,40299.56085,6
38,32,59847.82004,21
38,33,28975.67035,2
38,34,32625.13482,4
38,35,17941.38615,1
38,36,43652.92462,10
38,37,42394.23683,9
38,39,29883.07647,3
38,40,78114.77059,40
38,41,84085.23591,51
38,42,46399.80153,11
38,43,60261.54019,22
38,44,93426.50892,64
38,45,105889.7241,74
38,46,128452.3844,85
38,47,118351.3802,81
38,48,137102.6255,86
38,49,114463.4893,80
38,50,110179.5446,78
38,51,112989.5813,79
38,52,103227.4616,71
38,53,108009.5899,76
38,54,93166.38282,63
38,55,157956.535,87
38,56,106730.011,75
38,57,100129.0117,69
38,58,99915.18645,68
38,59,97330.20038,65
38,60,101914.708,70
38,61,91945.55586,60
38,62,91597.91992,59
38,63,99131.94998,67
38,64,105245.1053,73
38,65,84454.24054,52
38,66,85742.48354,55
38,67,84606.35889,53
38,68,89878.44468,57
38,69,92672.66672,62
38,70,80777.16989,44
38,71,92146.00149,61
38,72,78504.78519,42
38,73,85538.0044,54
38,74,76050.93597,38
38,75,79134.65086,43
38,76,82083.92711,46
38,77,78290.3294,41
38,78,72903.2787,34
38,79,90269.00585,58
38,80,97350.50272,66
38,81,122852.2289,84
38,82,82082.1418,45
38,83,70474.14619,31
38,84,86893.25704,56
38,85,70745.00907,32
38,86,82221.07787,47
38,87,70196.88346,30
38,88,83617.56789,48
39,1,80631.5803,31
39,2,80811.36622,32
39,3,79521.75603,30
39,4,83972.20962,34
39,5,92352.38464,46
39,6,61518.17046,13
39,7,125739.7843,76
39,8,109569.6134,62
39,9,137625.6601,83
39,10,79366.677,29
39,11,71122.22501,21
39,12,75778.41858,26
39,13,72610.65971,22
39,14,77426.79897,27
39,15,73295.74581,23
39,16,68086.14512,19
39,17,61978.32871,14
39,18,129908.9627,80
39,19,65184.66965,16
39,20,78771.76369,28
39,21,89013.38981,40
39,22,65675.73429,17
39,23,83976.83797,35
39,24,66193.57232,18
39,25,58432.01124,12
39,26,75247.60757,25
39,27,57187.55868,11
39,28,64984.20207,15
39,29,52969.88124,8
39,30,83696.17278,33
39,31,46443.86541,4
39,32,51675.08947,7
39,33,53377.08263,9
39,34,47075.81903,5
39,35,42010.61718,3
39,36,37807.1301,2
39,37,69864.11656,20
39,38,29883.07647,1
39,40,48651.56688,6
39,41,55331.78462,10
39,42,74942.75166,24
39,43,89494.94366,42
39,44,116916.5283,69
39,45,129737.2042,79
39,46,147428.8335,86
39,47,138742.2573,85
39,48,137821.3285,84
39,49,125715.2954,75
39,50,132368.747,81
39,51,129358.4032,78
39,52,115084.9246,68
39,53,133521.5815,82
39,54,97210.63194,52
39,55,155510.8707,87
39,56,126588.659,77
39,57,118217.4041,72
39,58,122294.4587,73
39,59,113239.0354,66
39,60,110892.2085,64
39,61,106166.4263,58
39,62,102141.3848,56
39,63,102106.5825,55
39,64,106342.2796,59
39,65,98703.65183,54
39,66,107066.5312,60
39,67,96024.59466,49
39,68,96867.53328,51
39,69,94271.78639,47
39,70,96354.11191,50
39,71,118138.4305,71
39,72,91851.11601,45
39,73,91061.21973,44
39,74,94344.05496,48
39,75,89637.25372,43
39,76,105895.9731,57
39,77,86401.5979,39
39,78,85558.93154,36
39,79,107596.3509,61
39,80,117506.1769,70
39,81,124007.543,74
39,82,85760.6141,37
39,83,89285.52069,41
39,84,113830.3927,67
39,85,85771.29371,38
39,86,110156.0805,63
39,87,98302.8368,53
39,88,113160.9094,65
40,1,121493.2035,30
40,2,116582.6468,26
40,3,118525.1387,28
40,4,111931.454,23
40,5,138483.3789,54
40,6,110169.7357,21
40,7,155306.6442,67
40,8,140844.375,57
40,9,186256.1886,86
40,10,123334.6505,33
40,11,107800.1484,19
40,12,107856.3803,20
40,13,102239.3146,17
40,14,98833.68861,14
40,15,119224.5583,29
40,16,111716.3271,22
40,17,98478.68874,13
40,18,163308.0473,76
40,19,105780.5441,18
40,20,126237.4669,38
40,21,137630.2868,50
40,22,90503.90795,11
40,23,132308.7484,46
40,24,85097.8325,6
40,25,88786.89862,9
40,26,123495.5035,34
40,27,102107.4978,16
40,28,112260.1038,24
40,29,88181.90129,8
40,30,132237.7085,45
40,31,87252.91868,7
40,32,77918.70071,4
40,33,101442.0634,15
40,34,92207.42045,12
40,35,90365.56905,10
40,36,72279.00059,3
40,37,114619.1601,25
40,38,78114.77059,5
40,39,48651.56688,2
40,41,29194.80383,1
40,42,123587.5767,35
40,43,138118.3862,53
40,44,163229.7285,75
40,45,176097.2953,82
40,46,189825.3356,87
40,47,182482.5817,85
40,48,160960.5489,70
40,49,161753.3321,73
40,50,177573.3139,83
40,51,170012.4157,79
40,52,152296.0879,64
40,53,180845.8598,84
40,54,127983.5077,41
40,55,173065.3118,81
40,56,170189.9253,80
40,57,160684.2842,69
40,58,167804.4628,78
40,59,154133.1954,66
40,60,145577.6638,58
40,61,145995.235,59
40,62,138975.3169,55
40,63,131162.9708,43
40,64,132739.8097,47
40,65,138987.9406,56
40,66,152205.6785,63
40,67,134106.164,49
40,68,130737.3583,42
40,69,122665.8005,32
40,70,137824.6219,51
40,71,165827.4751,77
40,72,131857.7221,44
40,73,124065.367,36
40,74,137889.8191,52
40,75,127449.628,39
40,76,152572.4043,65
40,77,122403.999,31
40,78,125498.8044,37
40,79,149867.0882,62
40,80,161564.0211,71
40,81,148792.1651,61
40,82,117523.3945,27
40,83,133404.3003,48
40,84,161966.7086,74
40,85,127489.0873,40
40,86,158644.7886,68
40,87,146856.6778,60
40,88,161693.8308,72
41,1,110249.8664,31
41,2,101735.3245,23
41,3,105921.3017,26
41,4,92696.80657,17
41,5,132312.739,56
41,6,112389.2304,34
41,7,134940.8724,58
41,8,121921.22,43
41,9,186187.2057,87
41,10,115032.3841,39
41,11,94224.33857,18
41,12,91266.09976,15
41,13,84680.29793,12
41,14,77338.62457,9
41,15,113588.8923,37
41,16,103731.2561,25
41,17,85612.75767,13
41,18,144872.1355,67
41,19,95387.37562,19
41,20,122927.9793,45
41,21,138220.6547,62
41,22,71518.65994,6
41,23,131254.7231,55
41,24,63813.12554,5
41,25,73092.29129,7
41,26,122405.4715,44
41,27,96243.50116,20
41,28,109195.1657,29
41,29,75622.00383,8
41,30,135363.6701,59
41,31,78920.67084,10
41,32,61508.25589,3
41,33,100761.0514,22
41,34,87438.79685,14
41,35,91271.60869,16
41,36,61967.64157,4
41,37,125180.1479,49
41,38,84085.23591,11
41,39,55331.78462,2
41,40,29194.80383,1
41,42,125028.9801,48
41,43,140363.2229,64
41,44,156594.8182,74
41,45,169239.6389,83
41,46,177648.6127,86
41,47,171909.3441,84
41,48,137449.6988,61
41,49,145066.5549,68
41,50,168938.5503,82
41,51,156659.9428,75
41,52,136744.0045,60
41,53,175735.0927,85
41,54,109352.9502,30
41,55,147304.7345,71
41,56,159752.3523,78
41,57,149305.9662,72
41,58,159827.6292,79
41,59,141472.9469,65
41,60,128540.8917,54
41,61,132708.5411,57
41,62,123670.7711,46
41,63,111433.7851,32
41,64,111586.0601,33
41,65,126370.3677,52
41,66,144155.1984,66
41,67,119939.5052,42
41,68,113825.1646,38
41,69,103009.5899,24
41,70,126309.3864,50
41,71,161885.5916,80
41,72,119330.8424,41
41,73,106963.6848,27
41,74,128445.4643,53
41,75,113414.4621,36
41,76,146843.1799,70
41,77,107352.6108,28
41,78,113243.7694,35
41,79,138644.9441,63
41,80,151884.977,73
41,81,126310.0139,51
41,82,100060.0185,21
41,83,124791.5184,47
41,84,159423.3132,77
41,85,116689.4531,40
41,86,157725.8622,76
41,87,146629.1147,69
41,88,164390.874,81
42,1,53600.94971,31
42,2,68630.09043,48
42,3,59206.83287,35
42,4,87343.41168,71
42,5,35725.60081,13
42,6,13500.31083,4
42,7,109191.2393,82
42,8,94364.347,76
42,9,62696.46083,40
42,10,41234.99199,19
42,11,63500.01482,42
42,12,75623.45278,59
42,13,79638.21853,61
42,14,95926.85394,79
42,15,30299.55734,11
42,16,41149.92629,18
42,17,62620.84983,39
42,18,103533.6479,81
42,19,51742.95565,28
42,20,20263.27413,7
42,21,14224.78911,5
42,22,86015.86097,69
42,23,13276.89883,3
42,24,95011.41588,78
42,25,74965.48983,58
42,26,10806.59114,1
42,27,37668.45716,15
42,28,22704.73445,8
42,29,65319.16479,46
42,30,12123.51609,2
42,31,53921.50628,32
42,32,80822.2332,65
42,33,24784.28424,10
42,34,41459.26357,21
42,35,33866.08341,12
42,36,68812.21387,49
42,37,39229.85974,16
42,38,46399.80153,24
42,39,74942.75166,57
42,40,123587.5767,84
42,41,125028.9801,85
42,43,15456.66505,6
42,44,53051.70371,30
42,45,64118.16656,45
42,46,93351.39606,74
42,47,81547.37936,66
42,48,131124.7678,86
42,49,93842.93338,75
42,50,70884.28942,55
42,51,83618.09055,68
42,52,83138.91616,67
42,53,63739.01176,44
42,54,88127.24293,72
42,55,155167.0709,87
42,56,71764.83941,56
42,57,69151.3499,51
42,58,61019.02744,37
42,59,70836.17958,54
42,60,87039.95574,70
42,61,69557.12131,52
42,62,75959.08793,60
42,63,94635.50675,77
42,64,102644.1927,80
42,65,63630.00533,43
42,66,50488.02697,27
42,67,69004.06263,50
42,68,80728.86411,64
42,69,91583.49604,73
42,70,58289.9085,33
42,71,47689.05656,25
42,72,60959.66073,36
42,73,79829.31617,62
42,74,49254.94514,26
42,75,66645.70345,47
42,76,42204.5397,22
42,77,70219.61612,53
42,78,58413.33273,34
42,79,62269.82484,38
42,80,62828.39221,41
42,81,117715.1796,83
42,82,80206.95429,63
42,83,44228.74554,23
42,84,41357.83689,20
42,85,52400.57821,29
42,86,35899.11524,14
42,87,23851.46816,9
42,88,39419.07243,17
43,1,63908.05077,35
43,2,80017.8513,55
43,3,70145.38404,43
43,4,99655.75693,73
43,5,39857.1996,13
43,6,28154.70225,9
43,7,117170.1298,82
43,8,103357.2851,76
43,9,48872.67387,19
43,10,50963.30658,22
43,11,76055.70325,49
43,12,88198.08579,60
43,13,92812.35832,68
43,14,109520.9385,79
43,15,41390.63807,17
43,16,53544.44636,26
43,17,76282.66581,51
43,18,109690.4887,80
43,19,64763.4396,36
43,20,29079.08532,10
43,21,7973.069058,2
43,22,100142.9811,74
43,23,17048.9796,5
43,24,109469.8146,78
43,25,89281.39414,62
43,26,22184.97331,6
43,27,51954.29512,25
43,28,36529.33788,12
43,29,79851.69028,54
43,30,6859.135097,1
43,31,68886.49719,41
43,32,95715.86641,70
43,33,40229.15116,14
43,34,56629.61397,29
43,35,49106.62357,20
43,36,84129.82086,58
43,37,42453.77216,18
43,38,60261.54019,32
43,39,89494.94366,63
43,40,138118.3862,84
43,41,140363.2229,86
43,42,15456.66505,4
43,44,50030.57123,21
43,45,58984.50804,31
43,46,91842.12732,67
43,47,79444.96405,53
43,48,140100.5157,85
43,49,99213.56744,72
43,50,67518.7032,39
43,51,85664.72595,59
43,52,89209.24939,61
43,53,55834.94931,28
43,54,98574.63053,71
43,55,164583.9959,87
43,56,71367.39515,46
43,57,71228.63334,45
43,58,58594.77241,30
43,59,75005.13885,47
43,60,94735.31575,69
43,61,75562.31188,48
43,62,83981.73891,57
43,63,104975.7134,77
43,64,113191.4423,81
43,65,70689.50455,44
43,66,51698.34644,24
43,67,77477.51525,52
43,68,90433.1185,64
43,69,102833.8908,75
43,70,65175.98949,37
43,71,40460.00629,15
43,72,69406.04755,42
43,73,90468.90639,65
43,74,55291.18131,27
43,75,76231.79252,50
43,76,40882.42117,16
43,77,80776.36257,56
43,78,68048.5058,40
43,79,66391.20635,38
43,80,63330.93674,34
43,81,127217.1319,83
43,82,91720.50522,66
43,83,51195.28357,23
43,84,32658.41576,11
43,85,61392.13637,33
43,86,24923.51402,8
43,87,14268.29395,3
43,88,24027.66171,7
44,1,49690.42749,35
44,2,64832.62813,54
44,3,56034.6559,46
44,4,84791.81304,72
44,5,24746.34962,11
44,6,63555.87769,52
44,7,82922.39983,70
44,8,74026.18856,61
44,9,47154.2119,33
44,10,41747.09724,25
44,11,67432.62035,56
44,12,76754.50192,65
44,13,83719.40214,71
44,14,100426.9575,81
44,15,44005.50118,30
44,16,52866.67128,41
44,17,73618.92422,60
44,18,70867.07186,58
44,19,62080.60341,50
44,20,39081.68819,21
44,21,43053.89174,28
44,22,95943.7918,78
44,23,39785.02116,23
44,24,106625.6315,82
44,25,88239.39144,73
44,26,45853.95794,31
44,27,61225.02822,48
44,28,52152.59467,39
44,29,82333.70637,68
44,30,55578.63384,45
44,31,77718.24362,66
44,32,98739.04772,80
44,33,64705.55978,53
44,34,71025.67663,59
44,35,76299.40341,64
44,36,94630.65488,77
44,37,91114.63704,75
44,38,93426.50892,76
44,39,116916.5283,84
44,40,163229.7285,87
44,41,156594.8182,86
44,42,53051.70371,42
44,43,50030.57123,36
44,45,12869.17624,3
44,46,41869.92348,27
44,47,29417.11946,13
44,48,107330.5519,83
44,49,59347.15685,47
44,50,17855.62871,7
44,51,39747.46243,22
44,52,52603.78406,40
44,53,20522.11236,8
44,54,75495.01064,63
44,55,132012.8137,85
44,56,22694.89251,9
44,57,27339.32786,12
44,58,8623.898084,1
44,59,35756.25148,18
44,60,62261.69076,51
44,61,41672.19432,24
44,62,54652.04782,43
44,63,80498.48417,67
44,64,88500.86137,74
44,65,41812.09115,26
44,66,14079.92966,4
44,67,51402.25377,37
44,68,65869.9675,55
44,69,82490.30467,69
44,70,37889.41042,20
44,71,15689.29433,5
44,72,45889.00401,32
44,73,69648.32748,57
44,74,30581.08053,15
44,75,54681.48193,44
44,76,11363.80216,2
44,77,61831.42907,49
44,78,49498.4584,34
44,79,29586.3196,14
44,80,17483.45705,6
44,81,97167.37351,79
44,82,74451.58719,62
44,83,32563.22985,17
44,84,22761.2286,10
44,85,43368.98357,29
44,86,31451.47621,16
44,87,36347.48642,19
44,88,51828.14822,38
45,1,61289.25942,39
45,2,75586.27147,55
45,3,67333.94252,47
45,4,94930.78341,72
45,5,37614.3935,15
45,6,75359.09284,54
45,7,88033.29454,65
45,8,81160.97814,59
45,9,44141.70149,20
45,10,54245.1426,29
45,11,79009.14442,57
45,12,87673.81895,64
45,13,94787.68535,71
45,14,111141.3848,81
45,15,56873.82147,33
45,16,65522.31685,46
45,17,85656.62593,63
45,18,74514.32074,52
45,19,74389.03838,51
45,20,51596.49791,27
45,21,52781.27935,28
45,22,107387.5821,79
45,23,51020.70176,25
45,24,118064.7235,83
45,25,100150.0408,74
45,26,57796.49594,34
45,27,74073.60353,50
45,28,64889.8438,44
45,29,94634.96235,70
45,30,65094.57055,45
45,31,90427.03677,68
45,32,110865.4282,80
45,33,77317.55538,56
45,34,83891.781,60
45,35,88937.32921,67
45,36,107274.0375,78
45,37,101058.5999,75
45,38,105889.7241,77
45,39,129737.2042,84
45,40,176097.2953,87
45,41,169239.6389,86
45,42,64118.16656,42
45,43,58984.50804,36
45,44,12869.17624,4
45,46,36083.62167,13
45,47,23761.05602,8
45,48,112290.0501,82
45,49,63076.30902,41
45,50,10933.26241,1
45,51,40927.46821,17
45,52,58327.78364,35
45,53,12117.88468,3
45,54,84256.83417,61
45,55,136577.1865,85
45,56,23000.68674,6
45,57,32024.88669,12
45,58,11105.72084,2
45,59,41932.8486,18
45,60,68949.57263,48
45,61,49438.2364,24
45,62,62824.15764,40
45,63,88732.96767,66
45,64,96418.00178,73
45,65,51146.94669,26
45,66,25495.79868,10
45,67,60684.89813,38
45,68,74687.37538,53
45,69,91626.48724,69
45,70,48025.39604,23
45,71,19245.14287,5
45,72,56165.33007,32
45,73,79152.31748,58
45,74,42064.24273,19
45,75,64776.35628,43
45,76,23913.49295,9
45,77,72059.73034,49
45,78,60463.44882,37
45,79,37803.76554,16
45,80,23037.38807,7
45,81,103293.8035,76
45,82,84478.25464,62
45,83,44743.80326,21
45,84,27684.9161,11
45,85,54815.07302,30
45,86,36905.7389,14
45,87,44766.82853,22
45,88,55896.18507,31
46,1,68342.43447,37
46,2,76301.33737,45
46,3,71856.79041,39
46,4,90752.8518,63
46,5,59357.73816,28
46,6,102124.3284,72
46,7,67642.6362,34
46,8,67576.32208,33
46,9,78571.7994,48
46,10,68135.16534,36
46,11,83427.88047,52
46,12,87749.25826,60
46,13,94937.33721,68
46,14,108323.7521,76
46,15,75884.58626,43
46,16,79347.52585,49
46,17,92230.54496,66
46,18,51822.65399,19
46,19,84047.40211,55
46,20,76178.7691,44
46,21,84669.77718,58
46,22,108603.5951,77
46,23,80200.2601,50
46,24,118617.4499,82
46,25,104711.2764,75
46,26,84662.53365,57
46,27,90378.00202,62
46,28,86664.16036,59
46,29,102450.1877,73
46,30,97186.89819,69
46,31,102748.9054,74
46,32,116280.1153,80
46,33,99661.60512,70
46,34,100421.3202,71
46,35,110551.8218,78
46,36,117737.1019,81
46,37,132225.874,84
46,38,128452.3844,83
46,39,147428.8335,85
46,40,189825.3356,87
46,41,177648.6127,86
46,42,93351.39606,67
46,43,91842.12732,65
46,44,41869.92348,11
46,45,36083.62167,8
46,47,12598.32342,1
46,48,89698.2764,61
46,49,42612.11861,12
46,50,25438.34417,4
46,51,21879.24169,2
46,52,44783.6954,14
46,53,46208.31313,16
46,54,75799.52046,42
46,55,111988.6153,79
46,56,21925.07118,3
46,57,29269.69885,5
46,58,33262.97812,7
46,59,36175.83788,9
46,60,55895.85276,24
46,61,45044.99931,15
46,62,55871.35371,23
46,63,77887.78231,46
46,64,83720.8325,53
46,65,51308.05819,17
46,66,43484.51197,13
46,67,58103.28348,25
46,68,67751.70068,35
46,69,83737.36214,54
46,70,52004.18906,20
46,71,54716.99861,22
46,72,58399.34649,26
46,73,74138.4074,41
46,74,53148.48655,21
46,75,64425.89386,31
46,76,51457.53649,18
46,77,70995.45549,38
46,78,64627.21427,32
46,79,40038.26464,10
46,80,31293.34306,6
46,81,84451.00115,56
46,82,80900.43735,51
46,83,58425.34566,27
46,84,63029.22334,30
46,85,62371.48028,29
46,86,72222.0337,40
46,87,78212.12362,47
46,88,91820.05414,64
47,1,61702.36258,35
47,2,71983.85917,48
47,3,66135.87384,40
47,4,88482.85147,67
47,5,48535.65242,22
47,6,90871.03318,69
47,7,71505.70149,46
47,8,68472.35225,44
47,9,67117.46572,41
47,10,59486.85337,32
47,11,78037.13812,55
47,12,83911.80319,62
47,13,91203.81555,70
47,14,105824.5605,78
47,15,66104.35831,39
47,16,71007.0048,45
47,17,86317.37521,65
47,18,56415.85416,30
47,19,77020.13669,53
47,20,65132.26354,36
47,21,72383.05493,49
47,22,104702.8563,77
47,23,68317.63544,43
47,24,115059.4314,81
47,25,99641.37862,75
47,26,73251.23518,50
47,27,81559.26002,60
47,28,76395.17378,52
47,29,96304.89932,74
47,30,84911.40015,64
47,31,95235.32867,73
47,32,111073.1709,80
47,33,89404.03122,68
47,34,91679.78399,71
47,35,100571.3494,76
47,36,110953.7803,79
47,37,120188.6912,84
47,38,118351.3802,83
47,39,138742.2573,85
47,40,182482.5817,87
47,41,171909.3441,86
47,42,81547.37936,59
47,43,79444.96405,58
47,44,29417.11946,9
47,45,23761.05602,8
47,46,12598.32342,2
47,48,94855.13371,72
47,49,45791.61687,20
47,50,12934.48812,3
47,51,22544.81827,6
47,52,44794.69059,18
47,53,34546.94015,13
47,54,74832.44015,51
47,55,118207.0831,82
47,56,12293.33285,1
47,57,22814.09097,7
47,58,20867.22749,4
47,59,32074.10241,10
47,60,56205.33698,29
47,61,41211.02436,15
47,62,53669.82857,26
47,63,77905.7772,54
47,64,84592.41014,63
47,65,46191.94872,21
47,66,32652.81199,11
47,67,54334.78841,27
47,68,65981.37437,38
47,69,82721.30883,61
47,70,45618.558,19
47,71,42149.21051,16
47,72,52937.81597,25
47,73,71819.93989,47
47,74,44654.40154,17
47,75,60110.58311,34
47,76,39411.06804,14
47,77,67151.57666,42
47,78,58781.25928,31
47,79,33279.80397,12
47,80,21248.97954,5
47,81,87898.41204,66
47,82,78216.68433,56
47,83,49480.68663,23
47,84,50441.17703,24
47,85,55357.17999,28
47,86,59627.645,33
47,87,65715.50758,37
47,88,79289.09268,57
48,1,77659.18547,36
48,2,64844.16144,23
48,3,72760.82259,31
48,4,54062.67896,14
48,5,101363.6913,58
48,6,130478.4374,74
48,7,24409.48254,2
48,8,36806.57937,5
48,9,154469.3622,85
48,10,89916.76737,49
48,11,73186.2314,33
48,12,63963.02347,21
48,13,65521.137,24
48,14,62560.35784,19
48,15,100904.3944,57
48,16,91864.8453,51
48,17,79853.56437,40
48,18,38440.19143,7
48,19,84495.13188,42
48,20,111627.8508,65
48,21,132383.5727,76
48,22,72862.70416,32
48,23,123098.2737,71
48,24,76078.71189,35
48,25,79443.76074,39
48,26,120453.0466,68
48,27,100559.96,56
48,28,110568.0943,64
48,29,86285.17757,44
48,30,141561.4845,83
48,31,96923.77646,54
48,32,86937.27402,45
48,33,118405.798,67
48,34,105486.4254,61
48,35,122984.698,70
48,36,100086.5863,55
48,37,165126.8452,87
48,38,137102.6255,79
48,39,137821.3285,81
48,40,160960.5489,86
48,41,137449.6988,80
48,42,131124.7678,75
48,43,140100.5157,82
48,44,107330.5519,62
48,45,112290.0501,66
48,46,89698.2764,48
48,47,94855.13371,52
48,49,49437.52766,11
48,50,103248.0014,60
48,51,72621.48176,29
48,52,54735.63854,15
48,53,124360.5213,72
48,54,44506.83876,9
48,55,24840.66243,3
48,56,89575.5599,47
48,57,80583.49782,41
48,58,102152.5784,59
48,59,71575.83431,28
48,60,46113.09751,10
48,61,66858.06376,25
48,62,56276.43246,17
48,63,38192.52503,6
48,64,31950.58559,4
48,65,69998.34196,26
48,66,95773.3255,53
48,67,62623.07178,20
48,68,50516.60918,12
48,69,44502.23368,8
48,70,75462.57887,34
48,71,122632.7125,69
48,72,70700.41599,27
48,73,52712.88053,13
48,74,85591.40614,43
48,75,64484.0529,22
48,76,107759.2483,63
48,77,61683.00942,18
48,78,72711.48693,30
48,79,78506.50515,37
48,80,90297.9918,50
48,81,14252.99122,1
48,82,55105.01425,16
48,83,89038.60537,46
48,84,127928.6839,73
48,85,78919.73959,38
48,86,134469.8052,78
48,87,132383.6038,77
48,88,153980.0754,84
49,1,47158.21276,35
49,2,45492.22065,32
49,3,46493.22351,34
49,4,53147.76224,39
49,5,59396.7022,46
49,6,97355.48558,78
49,7,25716.15756,8
49,8,26005.02869,9
49,9,106076.3076,81
49,10,55093.45358,44
49,11,54894.25299,43
49,12,54107.74647,42
49,13,60407.03061,47
49,14,70335.01209,54
49,15,66307.14194,53
49,16,62471.07785,50
49,17,64285.66165,52
49,18,11536.84756,2
49,19,61116.15875,48
49,20,73600.05915,57
49,21,91240.98829,75
49,22,73627.21483,58
49,23,83113.47089,68
49,24,82410.50556,67
49,25,73048.77911,55
49,26,83159.54955,69
49,27,73792.95791,59
49,28,77756.41083,63
49,29,74251.72157,60
49,30,102245.3232,80
49,31,79331.91919,64
49,32,84282.13154,70
49,33,88996.17744,73
49,34,82250.04152,66
49,35,97294.95553,77
49,36,90504.37007,74
49,37,131841.3357,85
49,38,114463.4893,83
49,39,125715.2954,84
49,40,161753.3321,87
49,41,145066.5549,86
49,42,93842.93338,76
49,43,99213.56744,79
49,44,59347.15685,45
49,45,63076.30902,51
49,46,42612.11861,27
49,47,45791.61687,33
49,48,49437.52766,36
49,50,53820.00101,41
49,51,23309.58768,4
49,52,11296.51478,1
49,53,75187.12294,62
49,54,36645.03087,18
49,55,73511.91585,56
49,56,40206.30464,22
49,57,32032.18222,13
49,58,53329.10831,40
49,59,24670.19819,7
49,60,16543.50048,3
49,61,24339.26178,6
49,62,23575.89251,5
49,63,36994.11876,19
49,64,41727.21888,24
49,65,31007.26027,11
49,66,49622.90732,37
49,67,30047.20903,10
49,68,31274.72038,12
49,69,44161.88743,28
49,70,35901.317,15
49,71,74987.39046,61
49,72,36078.51422,16
49,73,38118.8739,20
49,74,44605.07308,30
49,75,36152.17552,17
49,76,61899.88976,49
49,77,39695.24396,21
49,78,41569.29069,23
49,79,33023.49286,14
49,80,41907.03926,25
49,81,42200.11436,26
49,82,45006.63209,31
49,83,49674.86275,38
49,84,81197.5504,65
49,85,44375.84963,29
49,86,88724.00544,71
49,87,88981.5305,72
49,88,108997.533,82
50,1,59205.06884,37
50,2,71898.57642,51
50,3,64610.16861,42
50,4,90194.72547,69
50,5,40298.92163,17
50,6,81119.33813,61
50,7,79226.42782,59
50,8,73749.14039,54
50,9,54870.21258,30
50,10,54356.95231,29
50,11,76547.33751,57
50,12,84047.16381,65
50,13,91301.31882,71
50,14,107002.1974,78
50,15,59079.95974,36
50,16,65955.37297,44
50,17,84017.6692,64
50,18,65078.63349,43
50,19,73554.58007,53
50,20,56044.63173,32
50,21,60761.16457,39
50,22,104390.6679,77
50,23,57610.39648,35
50,24,114984.1865,83
50,25,98091.24802,75
50,26,63392.41813,41
50,27,75612.82631,56
50,28,68402.92336,48
50,29,93544.55912,73
50,30,73261.31548,52
50,31,90797.80271,70
50,32,109204.1522,81
50,33,81251.82313,62
50,34,85675.01889,66
50,35,92714.42667,72
50,36,107217.9322,79
50,37,108924.9008,80
50,38,110179.5446,82
50,39,132368.747,85
50,40,177573.3139,87
50,41,168938.5503,86
50,42,70884.28942,50
50,43,67518.7032,46
50,44,17855.62871,6
50,45,10933.26241,2
50,46,25438.34417,10
50,47,12934.48812,3
50,48,103248.0014,76
50,49,53820.00101,28
50,51,30988.04726,13
50,52,50317.66896,24
50,53,22403.31606,7
50,54,78178.75853,58
50,55,127245.9162,84
50,56,13821.10442,4
50,57,24583.73486,8
50,58,10266.70386,1
50,59,34841.36233,15
50,60,61389.39005,40
50,61,43263.63778,19
50,62,56583.54854,33
50,63,82121.70346,63
50,64,89459.59261,68
50,65,46397.1311,22
50,66,25392.96193,9
50,67,55566.94486,31
50,68,68803.42571,49
50,69,85825.78522,67
50,70,44307.96052,20
50,71,29294.82341,12
50,72,52306.89356,25
50,73,73893.64871,55
50,74,40499.63855,18
50,75,60459.74668,38
50,76,28847.57858,11
50,77,67751.46764,47
50,78,57395.38464,34
50,79,32698.55291,14
50,80,17712.71342,5
50,81,94980.05263,74
50,82,79731.11835,60
50,83,44351.6309,21
50,84,37646.42048,16
50,85,52653.19406,26
50,86,46865.23121,23
50,87,53547.46851,27
50,88,66383.1101,45
51,1,48926.87862,32
51,2,54983.41506,40
51,3,51499.32503,36
51,4,68876.22311,54
51,5,47911.76454,31
51,6,90101.25656,76
51,7,49017.99555,33
51,8,46434.9881,30
51,9,84818.32068,70
51,10,51411.91404,35
51,11,62654.11895,49
51,12,66163.73462,53
51,13,73291.95195,61
51,14,86450.32175,73
51,15,60920.92651,44
51,16,61737.2346,45
51,17,71735.23936,57
51,18,34245.47254,17
51,19,64674.70382,51
51,20,64364.52717,50
51,21,77858.9043,64
51,22,86969.67289,74
51,23,71290.87875,56
51,24,96875.37117,81
51,25,83579.12035,67
51,26,73688.04123,63
51,27,73216.55059,60
51,28,72389.98729,58
51,29,82037.30637,65
51,30,89893.46161,75
51,31,83622.95545,69
51,32,95167.1745,79
51,33,85017.09092,71
51,34,82941.51176,66
51,35,95094.60169,78
51,36,97735.33858,82
51,37,122797.0182,84
51,38,112989.5813,83
51,39,129358.4032,85
51,40,170012.4157,87
51,41,156659.9428,86
51,42,83618.09055,68
51,43,85664.72595,72
51,44,39747.46243,22
51,45,40927.46821,23
51,46,21879.24169,4
51,47,22544.81827,5
51,48,72621.48176,59
51,49,23309.58768,9
51,50,30988.04726,11
51,52,23101.50672,8
51,53,52993.05866,38
51,54,54009.95054,39
51,55,96364.11459,80
51,56,18014.94049,3
51,57,14524.13758,1
51,58,32366.09639,13
51,59,16121.51065,2
51,60,34408.93522,18
51,61,24076.89294,10
51,62,34039.84083,16
51,63,56381.22943,42
51,64,62621.88729,48
51,65,31055.18069,12
51,66,33968.71302,15
51,67,36742.33027,19
51,68,45872.5756,29
51,69,61953.84462,46
51,70,33014.09077,14
51,71,55271.34066,41
51,72,38168.54382,21
51,73,52275.95341,37
51,74,37112.44221,20
51,75,43246.34063,25
51,76,45346.68533,28
51,77,49515.33597,34
51,78,44544.34307,27
51,79,22782.74535,6
51,80,22885.91229,7
51,81,65354.8229,52
51,82,59066.51697,43
51,83,42774.99168,24
51,84,62470.27625,47
51,85,43591.16724,26
51,86,70882.33286,55
51,87,73571.47654,62
51,88,91364.82725,77
52,1,35925.87353,28
52,2,35713.44166,26
52,3,35619.55325,25
52,4,46497.46682,41
52,5,49367.88519,43
52,6,86240.86317,78
52,7,30336.60382,19
52,8,23707.32371,11
52,9,99754.16694,81
52,10,43881.32308,35
52,11,44751.80442,36
52,12,45480.31326,40
52,13,52240.84694,47
52,14,64058.26751,57
52,15,55153.42384,52
52,16,51187.95425,46
52,17,54173.50558,50
52,18,20502.63259,8
52,19,50183.56626,44
52,20,62875.65941,55
52,21,81255.47506,75
52,22,65800.17878,59
52,23,72812.08909,66
52,24,75218.36127,68
52,25,64003.71095,56
52,26,72396.02169,65
52,27,62539.1925,54
52,28,66551.19023,60
52,29,64322.36742,58
52,30,91920.28494,80
52,31,68644.04908,62
52,32,75453.78886,69
52,33,77709.36997,70
52,34,71103.46578,64
52,35,86013.73729,77
52,36,80531.43361,74
52,37,120836.3338,85
52,38,103227.4616,83
52,39,115084.9246,84
52,40,152296.0879,87
52,41,136744.0045,86
52,42,83138.91616,76
52,43,89209.24939,79
52,44,52603.78406,48
52,45,58327.78364,53
52,46,44783.6954,37
52,47,44794.69059,38
52,48,54735.63854,51
52,49,11296.51478,1
52,50,50317.66896,45
52,51,23101.50672,9
52,53,70232.20374,63
52,54,31037.30211,21
52,55,79467.7158,71
52,56,36527.56693,29
52,57,26304.19455,16
52,58,47778.49129,42
52,59,16849.25209,5
52,60,11413.37324,2
52,61,13674.67523,4
52,62,13321.91078,3
52,63,33297.66256,23
52,64,39797.8761,33
52,65,19836.90973,7
52,66,41321.07736,34
52,67,19090.6462,6
52,68,23538.42636,10
52,69,38965.6417,32
52,70,24917.83173,14
52,71,67912.36497,61
52,72,24789.80838,13
52,73,30281.60228,18
52,74,34093.85576,24
52,75,25467.83468,15
52,76,53502.52693,49
52,77,29893.6021,17
52,78,30375.02607,20
52,79,24095.08024,12
52,80,35754.62983,27
52,81,44973.62883,39
52,82,37243.92968,30
52,83,38910.53513,31
52,84,73427.41961,67
52,85,33089.59812,22
52,86,80393.10345,73
52,87,79648.50054,72
52,88,100367.7106,82
53,1,70159.75597,40
53,2,85337.16491,54
53,3,76547.59757,48
53,4,105190.2202,73
53,5,43457.65113,15
53,6,76106.53591,47
53,7,100073.8357,69
53,8,92809.1769,61
53,9,32578.38649,9
53,10,61603.86876,31
53,11,87884.61856,57
53,12,97275.01148,66
53,13,104240.1,72
53,14,120938.5375,81
53,15,62248.98579,33
53,16,72308.66997,43
53,17,93835.34357,62
53,18,86630.98239,56
53,19,82077.38218,52
53,20,54755.79839,26
53,21,50860.18508,20
53,22,116409.6668,79
53,23,51393.52597,22
53,24,127087.5494,83
53,25,108517.342,76
53,26,59267.15423,29
53,27,79656.0975,49
53,28,68646.91021,38
53,29,102275.7458,70
53,30,62432.79243,34
53,31,96846.25519,65
53,32,118836.2771,80
53,33,80295.9586,50
53,34,89058.55056,58
53,35,91886.97377,60
53,36,113901.1086,77
53,37,98278.71526,67
53,38,108009.5899,75
53,39,133521.5815,84
53,40,180845.8598,87
53,41,175735.0927,86
53,42,63739.01176,35
53,43,55834.94931,27
53,44,20522.11236,3
53,45,12117.88468,1
53,46,46208.31313,17
53,47,34546.94015,10
53,48,124360.5213,82
53,49,75187.12294,46
53,50,22403.31606,4
53,51,52993.05866,24
53,52,70232.20374,41
53,54,95312.20174,64
53,55,148680.5845,85
53,56,35109.51884,13
53,57,43944.51703,16
53,58,22522.58721,5
53,59,53669.92584,25
53,60,80686.65753,51
53,61,60781.86998,30
53,62,74078.79488,44
53,63,100024.6078,68
53,64,107841.979,74
53,65,61820.51332,32
53,66,34579.18315,11
53,67,71422.89973,42
53,68,85697.63974,55
53,69,102506.746,71
53,70,58205.64577,28
53,71,16056.38221,2
53,72,66272.87355,37
53,73,89808.92508,59
53,74,51097.44463,21
53,75,75030.28914,45
53,76,28908.81336,7
53,77,82230.53092,53
53,78,70014.42219,39
53,79,48890.39746,19
53,80,34633.03519,12
53,81,115204.2033,78
53,82,94808.17653,63
53,83,52835.92913,23
53,84,23179.54805,6
53,85,63875.11824,36
53,86,31542.38181,8
53,87,41730.25097,14
53,88,48134.07015,18
54,1,34712.72703,26
54,2,20364.59071,10
54,3,28951.11698,19
54,4,16707.18515,8
54,5,62385.25486,55
54,6,86377.7758,71
54,7,28532.2453,17
54,8,12869.70993,6
54,9,121198.0921,86
54,10,47611.991,42
54,11,28838.92307,18
54,12,21436.75472,12
54,13,25830.45766,16
54,14,33690.10383,24
54,15,57871.42977,50
54,16,47792.57271,43
54,17,36319.90034,29
54,18,35565.38823,28
54,19,39988.3044,35
54,20,69539.01727,59
54,21,91228.79159,74
54,22,37937.65383,32
54,23,81571.83852,69
54,24,46002.85245,39
54,25,39900.21037,34
54,26,77728.76371,66
54,27,56070.66885,49
54,28,66714.98441,57
54,29,44280.35732,37
54,30,99184.37047,82
54,31,53444.07576,46
54,32,50111.48063,45
54,33,73962.015,62
54,34,61141.63487,52
54,35,78553.55556,68
54,36,59741.74031,51
54,37,120814.3294,85
54,38,93166.38282,77
54,39,97210.63194,79
54,40,127983.5077,87
54,41,109352.9502,83
54,42,88127.24293,72
54,43,98574.63053,81
54,44,75495.01064,64
54,45,84256.83417,70
54,46,75799.52046,65
54,47,74832.44015,63
54,48,44506.83876,38
54,49,36645.03087,30
54,50,78178.75853,67
54,51,54009.95054,48
54,52,31037.30211,23
54,53,95312.20174,78
54,55,67445.29544,58
54,56,64988.02497,56
54,57,53667.17153,47
54,58,73162.77516,61
54,59,43447.4775,36
54,60,20446.0086,11
54,61,34968.58583,27
54,62,21595.73665,13
54,63,6528.820323,1
54,64,14616.91562,7
54,65,33706.94527,25
54,66,61838.87165,54
54,67,24187.5131,15
54,68,9626.421038,4
54,69,7944.365827,2
54,70,38150.33364,33
54,71,88994.60541,73
54,72,31002.29489,22
54,73,8356.614087,3
54,74,47555.5405,41
54,75,22765.19344,14
54,76,72251.92039,60
54,77,17912.20574,9
54,78,30670.27962,21
54,79,46475.69153,40
54,80,61339.55121,53
54,81,30389.24212,20
54,82,11478.41269,5
54,83,49335.2009,44
54,84,92396.75917,75
54,85,37626.83237,31
54,86,97275.42394,80
54,87,92872.35787,76
54,88,115269.1491,84
55,1,101570.9654,38
55,2,87712.27702,23
55,3,96278.37595,31
55,4,73942.25746,12
55,5,126093.5894,58
55,6,153821.9021,75
55,7,49138.75902,3
55,8,61239.79171,6
55,9,179116.0101,86
55,10,114084.6781,49
55,11,95320.91346,30
55,12,84975.78382,19
55,13,85141.58413,20
55,14,78200.89804,16
55,15,124874.7592,57
55,16,115232.2445,51
55,17,100988.8717,37
55,18,62167.29351,7
55,19,107048.3505,44
55,20,135925.8229,65
55,21,156924.4095,78
55,22,89843.26564,25
55,23,147551.6065,72
55,24,90603.32343,26
55,25,98151.63905,35
55,26,144581.1877,68
55,27,123230.3673,56
55,28,134122.9156,64
55,29,106132.3606,43
55,30,165836.2052,83
55,31,117676.2278,52
55,32,103850.599,41
55,33,141205.9791,67
55,34,127273.83,61
55,35,144891.285,69
55,36,118437.8619,54
55,37,188168.511,87
55,38,157956.535,80
55,39,155510.8707,77
55,40,173065.3118,84
55,41,147304.7345,70
55,42,155167.0709,76
55,43,164583.9959,82
55,44,132012.8137,62
55,45,136577.1865,66
55,46,111988.6153,46
55,47,118207.0831,53
55,48,24840.66243,1
55,49,73511.91585,11
55,50,127245.9162,60
55,51,96364.11459,33
55,52,79467.7158,17
55,53,148680.5845,73
55,54,67445.29544,9
55,56,113711.2733,48
55,57,105095.332,42
55,58,126628.4443,59
55,59,96280.26351,32
55,60,70943.17148,10
55,61,91698.13096,27
55,62,80979.86397,18
55,63,60931.0253,5
55,64,53510.33617,4
55,65,94760.92289,28
55,66,120593.1002,55
55,67,87158.77865,22
55,68,74446.41323,13
55,69,65819.20848,8
55,70,100204.4154,36
55,71,147379.8673,71
55,72,95198.13537,29
55,73,75797.88884,14
55,74,110336.7744,45
55,75,88593.78412,24
55,76,132595.984,63
55,77,85162.93935,21
55,78,96839.51958,34
55,79,103321.0102,40
55,80,114872.349,50
55,81,37457.7914,2
55,82,77103.77342,15
55,83,113657.7706,47
55,84,152750.3913,74
55,85,103250.4655,39
55,86,159309.9478,81
55,87,157127.9099,79
55,88,178793.4382,85
56,1,49508.24486,33
56,2,60418.35725,45
56,3,54131.28071,35
56,4,77739.7848,66
56,5,37433.35478,21
56,6,80232.62644,70
56,7,65471.16039,52
56,8,60042.75947,44
56,9,66803.74776,54
56,10,47267.59585,30
56,11,66075.65035,53
56,12,72464.85736,60
56,13,79761.40863,69
56,14,94862.26098,78
56,15,54265.45383,38
56,16,58754.93966,43
56,17,74204.98423,62
56,18,51579.76927,34
56,19,64752.27544,49
56,20,54264.42788,37
56,21,63893.58149,48
56,22,93141.22868,77
56,23,58734.8389,42
56,24,103597.8253,81
56,25,87708.09373,74
56,26,62836.20185,47
56,27,69402.04807,57
56,28,64851.9817,50
56,29,84132.22412,73
56,30,76317.18729,65
56,31,82942.0431,72
56,32,99081.04319,80
56,33,77863.3998,67
56,34,79513.93648,68
56,35,88872.02144,75
56,36,98687.76695,79
56,37,110831.142,83
56,38,106730.011,82
56,39,126588.659,85
56,40,170189.9253,87
56,41,159752.3523,86
56,42,71764.83941,59
56,43,71367.39515,58
56,44,22694.89251,11
56,45,23000.68674,12
56,46,21925.07118,10
56,47,12293.33285,3
56,48,89575.5599,76
56,49,40206.30464,23
56,50,13821.10442,4
56,51,18014.94049,6
56,52,36527.56693,19
56,53,35109.51884,18
56,54,64988.02497,51
56,55,113711.2733,84
56,57,11448.27299,2
56,58,14643.07824,5
56,59,21547.64986,8
56,60,47670.06812,31
56,61,30388.04861,13
56,62,43458.12705,27
56,63,68666.83166,56
56,64,75858.48846,64
56,65,34580.56785,17
56,66,21579.39092,9
56,67,43215.15433,26
56,68,55776.659,39
56,69,72745.72357,61
56,70,33561.70659,16
56,71,37767.14033,22
56,72,41103.48909,24
56,73,61212.21867,46
56,74,32387.46338,15
56,75,48651.81089,32
56,76,30503.5355,14
56,77,55827.36545,40
56,78,46780.33255,29
56,79,21268.85658,7
56,80,9396.282522,1
56,81,81161.97902,71
56,82,67345.7433,55
56,83,37303.14037,20
56,84,45373.14766,28
56,85,43121.73433,25
56,86,54146.27626,36
56,87,58314.025,41
56,88,74497.58089,63
57,1,39328.49224,30
57,2,49203.93837,38
57,3,43417.59053,32
57,4,66293.31929,61
57,5,33490.33043,25
57,6,75983.54747,72
57,7,56220.76582,48
57,8,49334.33602,39
57,9,74108.96672,70
57,10,39074.72488,29
57,11,55274.32623,46
57,12,61186.15619,55
57,13,68483.16077,62
57,14,83439.87433,78
57,15,47623.44589,37
57,16,50133.4614,43
57,17,63694.57835,59
57,18,43564.47972,33
57,19,54922.53846,45
57,20,50100.59769,42
57,21,63392.59399,58
57,22,81934.24306,76
57,23,56769.36877,49
57,24,92335.77576,81
57,25,76854.68467,73
57,26,59328.68605,53
57,27,61286.15428,56
57,28,58868.30624,52
57,29,73780.11103,69
57,30,75382.40306,71
57,31,73523.53179,68
57,32,88312.585,79
57,33,71702.3998,67
57,34,71274.99763,65
57,35,82187.69495,77
57,36,88753.52482,80
57,37,108356.0888,84
57,38,100129.0117,82
57,39,118217.4041,85
57,40,160684.2842,87
57,41,149305.9662,86
57,42,69151.3499,63
57,43,71228.63334,64
57,44,27339.32786,15
57,45,32024.88669,21
57,46,29269.69885,16
57,47,22814.09097,9
57,48,80583.49782,75
57,49,32032.18222,22
57,50,24583.73486,13
57,51,14524.13758,5
57,52,26304.19455,14
57,53,43944.51703,34
57,54,53667.17153,44
57,55,105095.332,83
57,56,11448.27299,4
57,58,21573.86247,8
57,59,10258.37611,2
57,60,37031.50874,27
57,61,18944.05646,6
57,62,32093.55713,23
57,63,57538.00755,51
57,64,64914.46409,60
57,65,23384.6791,11
57,66,19549.98725,7
57,67,31798.26317,20
57,68,44385.5637,35
57,69,61380.56369,57
57,70,23041.48399,10
57,71,43011.89484,31
57,72,30141.35953,18
57,73,49766.06223,41
57,74,24174.85173,12
57,75,37365.32321,28
57,76,31284.45189,19
57,77,44483.64511,36
57,78,36074.04276,26
57,79,10817.73465,3
57,80,9875.075118,1
57,81,71275.39106,66
57,82,55905.63199,47
57,83,29668.57066,17
57,84,49533.86373,40
57,85,33196.71999,24
57,86,57508.73272,50
57,87,59392.23055,54
57,88,77970.20157,74
58,1,50873.76629,34
58,2,64711.25119,52
58,3,56709.52831,42
58,4,83889.29921,70
58,5,30084.76936,13
58,6,70973.51539,58
58,7,77794.61568,66
58,8,70295.97802,57
58,9,52796.12366,37
58,10,44888.39717,25
58,11,68503.4877,56
58,12,76831.71065,64
58,13,83990.0909,71
58,14,100208.1916,80
58,15,49002.39383,31
58,16,56408.72612,41
58,17,75492.57602,62
58,18,64853.79767,53
58,19,64579.88254,51
58,20,45788.1867,28
58,21,51518.74673,35
58,22,96745.34179,76
58,23,47747.03398,29
58,24,107406.7092,83
58,25,89834.44651,74
58,26,53251.50992,38
58,27,65733.34169,54
58,28,58162.34367,43
58,29,84741.30463,72
58,30,64047.60328,50
58,31,81333.53312,68
58,32,100730.5095,81
58,33,70993.58795,59
58,34,75748.85263,63
58,35,82469.18556,69
58,36,97950.50075,77
58,37,99417.88832,78
58,38,99915.18645,79
58,39,122294.4587,84
58,40,167804.4628,87
58,41,159827.6292,86
58,42,61019.02744,47
58,43,58594.77241,45
58,44,8623.898084,1
58,45,11105.72084,3
58,46,33262.97812,18
58,47,20867.22749,8
58,48,102152.5784,82
58,49,53329.10831,39
58,50,10266.70386,2
58,51,32366.09639,17
58,52,47778.49129,30
58,53,22522.58721,10
58,54,73162.77516,60
58,55,126628.4443,85
58,56,14643.07824,5
58,57,21573.86247,9
58,59,31151.16919,15
58,60,58164.27857,44
58,61,38394.14828,21
58,62,51760.61681,36
58,63,77687.73745,65
58,64,85422.56893,73
58,65,40061.55251,23
58,66,15704.81166,6
58,67,49586.64079,32
58,68,63587.33941,49
58,69,80521.27136,67
58,70,37071.76362,20
58,71,23129.17668,11
58,72,45211.1671,27
58,73,68056.08745,55
58,74,31752.44194,16
58,75,53762.06306,40
58,76,18827.11742,7
58,77,61057.74575,48
58,78,49712.4697,33
58,79,26700.32057,12
58,80,12110.74811,4
58,81,92732.37583,75
58,82,73428.27694,61
58,83,35036.18372,19
58,84,30858.38284,14
58,85,44342.49581,24
58,86,39782.96893,22
58,87,44967.68619,26
58,88,60008.39471,46
59,1,32843.18781,23
59,2,40310.87278,36
59,3,35768.63564,30
59,4,56447.0633,53
59,5,35489.64134,27
59,6,75972.75674,74
59,7,47169.46036,42
59,8,39236.79382,34
59,9,82905.03784,79
59,10,35749.97554,28
59,11,47254.93955,43
59,12,52039.07378,49
59,13,59307.84904,57
59,14,73752.28246,72
59,15,45845.18802,40
59,16,45733.85457,39
59,17,56122.7589,52
59,18,35882.7868,31
59,19,48610.28772,45
59,20,50886.49155,46
59,21,67040.88102,65
59,22,72895.25124,71
59,23,59359.49915,58
59,24,83140.51049,80
59,25,68563.95295,67
59,26,60429.4246,59
59,27,57261.74872,55
59,28,57441.96938,56
59,29,66381.73774,63
59,30,78421.33664,75
59,31,67540.37991,66
59,32,80122.13486,77
59,33,69775.90129,68
59,34,66902.83552,64
59,35,79504.25349,76
59,36,81889.35338,78
59,37,109613.0867,84
59,38,97330.20038,83
59,39,113239.0354,85
59,40,154133.1954,87
59,41,141472.9469,86
59,42,70836.17958,69
59,43,75005.13885,73
59,44,35756.25148,29
59,45,41932.8486,37
59,46,36175.83788,32
59,47,32074.10241,22
59,48,71575.83431,70
59,49,24670.19819,14
59,50,34841.36233,25
59,51,16121.51065,5
59,52,16849.25209,6
59,53,53669.92584,50
59,54,43447.4775,38
59,55,96280.26351,82
59,56,21547.64986,9
59,57,10258.37611,3
59,58,31151.16919,21
59,60,27025.39786,16
59,61,9155.019424,2
59,62,21912.93068,10
59,63,47281.33266,44
59,64,54695.22864,51
59,65,15192.96407,4
59,66,24992.80194,15
59,67,22337.10918,13
59,68,34240.38201,24
59,69,51198.30742,48
59,70,16913.30409,7
59,71,51116.81348,47
59,72,22324.14129,12
59,73,39821.45891,35
59,74,22241.87843,11
59,75,28392.64441,19
59,76,37271.94074,33
59,77,35233.06334,26
59,78,28646.04903,20
59,79,8644.168538,1
59,80,19051.16619,8
59,81,61641.33012,60
59,82,46147.91083,41
59,83,27854.71903,18
59,84,56856.01146,54
59,85,27478.54636,17
59,86,64145.73071,61
59,87,64377.47835,62
59,88,84357.16039,81
60,1,35654.11389,29
60,2,30096.15273,23
60,3,33173.57334,25
60,4,36707.65484,30
60,5,55452.58594,46
60,6,88444.03015,78
60,7,22445.23129,12
60,8,12375.68233,3
60,9,109310.1911,83
60,10,46169.81342,39
60,11,39770.20297,34
60,12,37759.29852,32
60,13,43909.78642,36
60,14,54046.00031,45
60,15,57571.72062,51
60,16,51148.9603,44
60,17,48989.21037,42
60,18,19197.53288,7
60,19,47577.23721,40
60,20,66990.09894,60
60,21,86895.24402,75
60,22,57085.03587,50
60,23,77893.05032,69
60,24,65913.40017,59
60,25,56795.32145,49
60,26,76237.16901,67
60,27,61804.14041,56
60,28,68373.95031,62
60,29,58651.58714,53
60,30,96742.8985,80
60,31,64868.56803,58
60,32,67908.99155,61
60,33,78351.03588,70
60,34,69318.53067,64
60,35,85440.00928,73
60,36,74864.28995,66
60,37,123354.6801,85
60,38,101914.708,81
60,39,110892.2085,84
60,40,145577.6638,87
60,41,128540.8917,86
60,42,87039.95574,76
60,43,94735.31575,79
60,44,62261.69076,57
60,45,68949.57263,63
60,46,55895.85276,47
60,47,56205.33698,48
60,48,46113.09751,38
60,49,16543.50048,5
60,50,61389.39005,54
60,51,34408.93522,26
60,52,11413.37324,2
60,53,80686.65753,71
60,54,20446.0086,8
60,55,70943.17148,65
60,56,47670.06812,41
60,57,37031.50874,31
60,58,58164.27857,52
60,59,27025.39786,17
60,61,20890.43283,9
60,62,11149.16367,1
60,63,21999.32609,11
60,64,28390.92852,19
60,65,24096.79881,14
60,66,49959.91011,43
60,67,18347.44303,6
60,68,14856.32869,4
60,69,28225.59684,18
60,70,29611.48804,21
60,71,77153.96776,68
60,72,26168.8263,16
60,73,21644.00422,10
60,74,39678.00398,33
60,75,22845.38777,13
60,76,61772.1237,55
60,77,24508.40349,15
60,78,30037.68389,22
60,79,32831.52293,24
60,80,46054.98583,37
60,81,34945.88958,28
60,82,28486.19289,20
60,83,43551.38988,35
60,84,82039.65485,72
60,85,34873.14651,27
60,86,88386.57138,77
60,87,86396.86214,74
60,88,107873.7152,82
61,1,25558.62639,19
61,2,31272.74417,27
61,3,27472.76233,22
61,4,47387.7401,48
61,5,35747.12225,31
61,6,73118.47182,74
61,7,42754.35833,43
61,8,32361.79152,28
61,9,88549.90176,81
61,10,31174.00669,26
61,11,38593.93516,34
61,12,42912.1955,44
61,13,50172.02131,52
61,14,64634.1703,66
61,15,42172.74473,41
61,16,39789.61607,36
61,17,47659.57789,49
61,18,34177.04804,29
61,19,41069.88405,38
61,20,49299.44245,50
61,21,67615.65413,70
61,22,63776.65762,65
61,23,59137.41776,59
61,24,73995.68828,76
61,25,59689.25006,60
61,26,58845.95844,58
61,27,51359.44886,53
61,28,53718.91597,54
61,29,57963.82863,57
61,30,78246.57634,79
61,31,60020.25799,61
61,32,71268.53979,73
61,33,65386.70646,67
61,34,60578.09113,62
61,35,74366.70748,77
61,36,73718.18843,75
61,37,107516.0919,85
61,38,91945.55586,83
61,39,106166.4263,84
61,40,145995.235,87
61,41,132708.5411,86
61,42,69557.12131,72
61,43,75562.31188,78
61,44,41672.19432,40
61,45,49438.2364,51
61,46,45044.99931,46
61,47,41211.02436,39
61,48,66858.06376,69
61,49,24339.26178,16
61,50,43263.63778,45
61,51,24076.89294,15
61,52,13674.67523,7
61,53,60781.86998,63
61,54,34968.58583,30
61,55,91698.13096,82
61,56,30388.04861,24
61,57,18944.05646,9
61,58,38394.14828,33
61,59,9155.019424,2
61,60,20890.43283,13
61,62,13407.75537,6
61,63,39296.03966,35
61,64,47060.31923,47
61,65,7550.322784,1
61,66,29073.9827,23
61,67,13192.39544,5
61,68,25540.4834,18
61,69,42564.25554,42
61,70,11666.18697,3
61,71,56328.69113,56
61,72,14347.40626,8
61,73,30824.71581,25
61,74,20424.34992,11
61,75,19381.41562,10
61,76,40913.06829,37
61,77,26104.04678,20
61,78,20713.22706,12
61,79,12087.23228,4
61,80,26430.32141,21
61,81,55795.75288,55
61,82,37044.38365,32
61,83,25348.36442,17
61,84,61154.31326,64
61,85,21205.16812,14
61,86,67626.99846,71
61,87,66252.98114,68
61,88,87324.83893,80
62,1,24740.92277,20
62,2,22393.23038,16
62,3,23064.37834,17
62,4,34986.72548,34
62,5,45114.69621,44
62,6,77310.65612,76
62,7,33292.42386,31
62,8,20083.75602,13
62,9,101145.7135,83
62,10,35022.78808,35
62,11,31486.70132,27
62,12,32503.92164,29
62,13,39465.27051,37
62,14,52507.64481,50
62,15,46422.6571,45
62,16,40281.30225,39
62,17,40907.57188,40
62,18,29512.73574,26
62,19,37687.83909,36
62,20,55975.09001,57
62,21,76198.4746,75
62,22,53121.86754,52
62,23,67057.79604,66
62,24,62876.1479,64
62,25,50778.48861,46
62,26,65162.56769,65
62,27,51182.79691,48
62,28,57252.33578,60
62,29,51020.37166,47
62,30,85803.10264,80
62,31,55758.45819,55
62,32,62274.52974,62
62,33,67408.28257,68
62,34,59128.62772,61
62,35,74829.49053,72
62,36,67243.47894,67
62,37,112215.2793,85
62,38,91597.91992,81
62,39,102141.3848,84
62,40,138975.3169,87
62,41,123670.7711,86
62,42,75959.08793,73
62,43,83981.73891,79
62,44,54652.04782,54
62,45,62824.15764,63
62,46,55871.35371,56
62,47,53669.82857,53
62,48,56276.43246,58
62,49,23575.89251,18
62,50,56583.54854,59
62,51,34039.84083,33
62,52,13321.91078,5
62,53,74078.79488,71
62,54,21595.73665,14
62,55,80979.86397,78
62,56,43458.12705,42
62,57,32093.55713,28
62,58,51760.61681,49
62,59,21912.93068,15
62,60,11149.16367,2
62,61,13407.75537,6
62,63,25945.86476,23
62,64,33851.72773,32
62,65,13886.10204,7
62,66,41467.18174,41
62,67,7250.359503,1
62,68,12339.88706,3
62,69,29290.09806,24
62,70,19246.48697,12
62,71,68848.12485,69
62,72,15031.28166,8
62,73,18306.45155,10
62,74,29373.54224,25
62,75,12636.99972,4
62,76,52720.33796,51
62,77,16577.25293,9
62,78,19078.29605,11
62,79,25202.70238,22
62,80,39833.48786,38
62,81,44107.83759,43
62,82,25030.15803,21
62,83,32809.4262,30
62,84,73068.35913,70
62,85,23725.5102,19
62,86,78876.96156,77
62,87,76151.84854,74
62,88,97957.32747,82
63,1,41168.60651,31
63,2,26817.61632,15
63,3,35474.66019,23
63,4,19242.2639,8
63,5,68403.49215,56
63,6,92891.16343,71
63,7,24229.57733,11
63,8,11134.21665,4
63,9,126627.7186,85
63,10,54025.38554,43
63,11,35000.27087,22
63,12,26541.86629,14
63,13,29813.89818,18
63,14,34518.9786,21
63,15,64367.89879,51
63,16,54315.98122,44
63,17,42024.73172,32
63,18,33854.82052,20
63,19,46357.68683,36
63,20,75965.5333,59
63,21,97586.80169,74
63,22,40675.47027,30
63,23,87956.76164,69
63,24,47656.42059,38
63,25,44124.21468,35
63,26,84215.8282,67
63,27,62482.72153,50
63,28,73243.01867,58
63,29,49401.34106,39
63,30,105657.0728,82
63,31,59172.88262,48
63,32,53656.40201,42
63,33,80403.98866,64
63,34,67312.12222,55
63,35,84793.28771,68
63,36,64412.50906,52
63,37,127292.1875,86
63,38,99131.94998,77
63,39,102106.5825,79
63,40,131162.9708,87
63,41,111433.7851,83
63,42,94635.50675,73
63,43,104975.7134,81
63,44,80498.48417,65
63,45,88732.96767,70
63,46,77887.78231,62
63,47,77905.7772,63
63,48,38192.52503,27
63,49,36994.11876,26
63,50,82121.70346,66
63,51,56381.22943,46
63,52,33297.66256,19
63,53,100024.6078,78
63,54,6528.820323,1
63,55,60931.0253,49
63,56,68666.83166,57
63,57,57538.00755,47
63,58,77687.73745,60
63,59,47281.33266,37
63,60,21999.32609,9
63,61,39296.03966,29
63,62,25945.86476,13
63,64,8339.940448,2
63,65,38939.72446,28
63,66,67061.00761,54
63,67,29643.17843,17
63,68,15101.40835,6
63,69,8506.229511,3
63,70,43676.46309,33
63,71,94357.95817,72
63,72,36885.28592,24
63,73,14883.72114,5
63,74,53328.56297,41
63,75,28941.31324,16
63,76,77804.09538,61
63,77,24415.92749,12
63,78,36981.18766,25
63,79,51142.93167,40
63,80,65711.643,53
63,81,24000.9646,10
63,82,17059.88401,7
63,83,55393.61808,45
63,84,98047.14826,75
63,85,43862.20568,34
63,86,103167.9003,80
63,87,99048.58917,76
63,88,121386.1514,84
64,1,49318.97113,34
64,2,34356.86206,18
64,3,43437.37815,26
64,4,22370.13048,6
64,5,76743.20907,57
64,6,100506.9462,71
64,7,23586.90346,9
64,8,16188.88277,4
64,9,134807.1425,87
64,10,62228.56239,45
64,11,41832.01407,24
64,12,32040.94283,13
64,13,33770.84498,15
64,14,34282.55238,17
64,15,72425.81905,52
64,16,62054.92873,44
64,17,47994.19817,33
64,18,36427.82578,19
64,19,53541.6889,38
64,20,84152.67183,60
64,21,105840.5374,75
64,22,42610.95661,25
64,23,96188.14108,69
64,24,47981.03493,32
64,25,47920.25122,31
64,26,92294.9954,68
64,27,69726.24252,51
64,28,81029.51167,58
64,29,54372.33886,39
64,30,113767.214,83
64,31,65010.98372,49
64,32,56337.44262,41
64,33,87708.95308,64
64,34,73944.52097,54
64,35,91531.46506,67
64,36,68536.82248,50
64,37,134696.0277,86
64,38,105245.1053,74
64,39,106342.2796,77
64,40,132739.8097,85
64,41,111586.0601,81
64,42,102644.1927,73
64,43,113191.4423,82
64,44,88500.86137,65
64,45,96418.00178,70
64,46,83720.8325,59
64,47,84592.41014,61
64,48,31950.58559,12
64,49,41727.21888,23
64,50,89459.59261,66
64,51,62621.88729,46
64,52,39797.8761,22
64,53,107841.979,79
64,54,14616.91562,3
64,55,53510.33617,37
64,56,75858.48846,56
64,57,64914.46409,48
64,58,85422.56893,62
64,59,54695.22864,40
64,60,28390.92852,11
64,61,47060.31923,29
64,62,33851.72773,16
64,63,8339.940448,1
64,65,47117.37414,30
64,66,75183.61008,55
64,67,37913.34791,21
64,68,23426.92717,8
64,69,12574.32506,2
64,70,51938.77168,35
64,71,102520.7749,72
64,72,45220.55577,27
64,73,22821.68192,7
64,74,61642.39828,43
64,75,37260.54047,20
64,76,86047.6262,63
64,77,32483.78573,14
64,78,45258.23773,28
64,79,59028.47777,42
64,80,73380.74013,53
64,81,17790.10538,5
64,82,23607.23887,10
64,83,63733.02742,47
64,84,106315.6888,76
64,85,52171.60725,36
64,86,111493.9885,80
64,87,107378.0768,78
64,88,129723.8683,84
65,1,18072.18385,12
65,2,25841.84752,21
65,3,20576.47963,15
65,4,43909.18698,46
65,5,31384.73685,27
65,6,66404.13233,73
65,7,46539.13916,50
65,8,33966.72316,33
65,9,87694.13618,82
65,10,24089.98101,18
65,11,32151.99616,28
65,12,37890.96653,36
65,13,45185.72703,47
65,14,60605.81732,66
65,15,35318.99811,35
65,16,32274.40127,29
65,17,40937.90799,42
65,18,39962.68024,39
65,19,33700.28503,31
65,20,43404.67156,44
65,21,62825.38752,69
65,22,58571.9912,64
65,23,53928.06357,60
65,24,69017.36303,76
65,25,53606.42683,59
65,26,52840.96759,57
65,27,43833.76618,45
65,28,46749.23189,51
65,29,51189.92101,54
65,30,72894.9092,79
65,31,52664.23935,56
65,32,65124.08766,72
65,33,58143.51265,63
65,34,53027.76906,58
65,35,66928.05183,75
65,36,66724.79739,74
65,37,101029.8841,85
65,38,84454.24054,81
65,39,98703.65183,84
65,40,138987.9406,87
65,41,126370.3677,86
65,42,63630.00533,70
65,43,70689.50455,78
65,44,41812.09115,43
65,45,51146.94669,53
65,46,51308.05819,55
65,47,46191.94872,48
65,48,69998.34196,77
65,49,31007.26027,25
65,50,46397.1311,49
65,51,31055.18069,26
65,52,19836.90973,14
65,53,61820.51332,67
65,54,33706.94527,32
65,55,94760.92289,83
65,56,34580.56785,34
65,57,23384.6791,17
65,58,40061.55251,40
65,59,15192.96407,10
65,60,24096.79881,20
65,61,7550.322784,3
65,62,13886.10204,8
65,63,38939.72446,37
65,64,47117.37414,52
65,66,28149.99279,23
65,67,9605.459254,4
65,68,24093.5029,19
65,69,40704.85243,41
65,70,5517.825725,1
65,71,55418.40724,61
65,72,7135.96314,2
65,73,28022.08642,22
65,74,15603.04719,11
65,75,14108.89619,9
65,76,38993.00359,38
65,77,21368.22716,16
65,78,13492.68884,5
65,79,13699.01358,6
65,80,28803.68862,24
65,81,57991.21189,62
65,82,33434.22549,30
65,83,19597.65178,13
65,84,59320.06016,65
65,85,13715.12775,7
65,86,64999.65169,71
65,87,62386.28177,68
65,88,84093.64592,80
66,1,35858.27635,28
66,2,50759.01641,48
66,3,42066.0583,38
66,4,70731.66116,71
66,5,15919.04103,5
66,6,58653.27754,55
66,7,71491.98337,72
66,8,61259.83597,62
66,9,59678.67475,57
66,10,29184.07127,18
66,11,53603.88948,51
66,12,62705.51634,64
66,13,69703.60504,70
66,14,86359.37449,80
66,15,33856.77426,24
66,16,40710.05147,34
66,17,60163.35101,58
66,18,60874.70618,61
66,19,49004.40625,43
66,20,32694.92894,23
66,21,43893.69622,41
66,22,82062.91521,75
66,23,37700.27626,30
66,24,92746.65186,82
66,25,74659.56176,73
66,26,41297.33555,35
66,27,50220.53484,46
66,28,43780.53669,40
66,29,69220.09311,69
66,30,55999.77311,53
66,31,65629.87658,65
66,32,85379.35104,78
66,33,56777.04192,54
66,34,60289.14561,59
66,35,68024.19875,67
66,36,82256.64657,76
66,37,89685.99981,81
66,38,85742.48354,79
66,39,107066.5312,84
66,40,152205.6785,87
66,41,144155.1984,86
66,42,50488.02697,47
66,43,51698.34644,49
66,44,14079.92966,3
66,45,25495.79868,14
66,46,43484.51197,39
66,47,32652.81199,22
66,48,95773.3255,83
66,49,49622.90732,44
66,50,25392.96193,13
66,51,33968.71302,25
66,52,41321.07736,36
66,53,34579.18315,26
66,54,61838.87165,63
66,55,120593.1002,85
66,56,21579.39092,10
66,57,19549.98725,9
66,58,15704.81166,4
66,59,24992.80194,12
66,60,49959.91011,45
66,61,29073.9827,17
66,62,41467.18174,37
66,63,67061.00761,66
66,64,75183.61008,74
66,65,28149.99279,16
66,67,37661.7175,29
66,68,52237.25791,50
66,69,68667.46477,68
66,70,23925.53595,11
66,71,27382.3207,15
66,72,31852.83886,20
66,73,55740.22486,52
66,74,16643.13925,6
66,75,40659.86495,33
66,76,12280.05675,1
66,77,47776.51806,42
66,78,35438.33807,27
66,79,17276.3974,7
66,80,12375.68781,2
66,81,84865.0738,77
66,82,60413.57782,60
66,83,19381.15295,8
66,84,32157.47188,21
66,85,29443.33802,19
66,86,39162.15071,31
66,87,39945.67953,32
66,88,59374.98575,56
67,1,17535.7912,12
67,2,18243.84421,13
67,3,16529.36377,10
67,4,34632.37369,33
67,5,39259.7036,41
67,6,70097.96226,74
67,7,40190.90303,43
67,8,25924.60324,22
67,9,97045.96981,84
67,10,27914.12439,25
67,11,26308.92415,23
67,12,29725.57414,27
67,13,36980.2972,37
67,14,51647.11411,56
67,15,39280.17738,42
67,16,33075.29443,32
67,17,35646.34614,34
67,18,36692.56364,35
67,19,31105.36435,30
67,20,49156.24068,49
67,21,69775.41255,73
67,22,50593.68253,54
67,23,60479.78886,64
67,24,60804.39574,66
67,25,46848.48593,47
67,26,58227.32105,61
67,27,44078.62983,45
67,28,50026.6762,53
67,29,45926.39875,46
67,30,79059.55266,79
67,31,49580.82606,50
67,32,58435.53364,62
67,33,60169.74109,63
67,34,52247.46257,57
67,35,67709.01649,70
67,36,61993.42221,67
67,37,105011.8742,85
67,38,84606.35889,80
67,39,96024.59466,83
67,40,134106.164,87
67,41,119939.5052,86
67,42,69004.06263,72
67,43,77477.51525,78
67,44,51402.25377,55
67,45,60684.89813,65
67,46,58103.28348,60
67,47,54334.78841,58
67,48,62623.07178,68
67,49,30047.20903,28
67,50,55566.94486,59
67,51,36742.33027,36
67,52,19090.6462,16
67,53,71422.89973,76
67,54,24187.5131,21
67,55,87158.77865,81
67,56,43215.15433,44
67,57,31798.26317,31
67,58,49586.64079,51
67,59,22337.10918,17
67,60,18347.44303,14
67,61,13192.39544,7
67,62,7250.359503,2
67,63,29643.17843,26
67,64,37913.34791,39
67,65,9605.459254,4
67,66,37661.7175,38
67,68,14623.99776,9
67,69,31100.26299,29
67,70,14033.57277,8
67,71,64817.10199,69
67,72,8094.896286,3
67,73,18470.92948,15
67,74,23810.7568,19
67,75,6656.756374,1
67,76,48165.36883,48
67,77,12920.55788,6
67,78,11863.78937,5
67,79,23006.86348,18
67,80,38136.29749,40
67,81,49937.70483,52
67,82,24181.61322,20
67,83,26538.60424,24
67,84,68406.136,71
67,85,16632.21948,11
67,86,73680.27692,77
67,87,70232.20098,75
67,88,92308.98421,82
68,1,27162.24242,23
68,2,16389.13079,11
68,3,22431.62721,15
68,4,23035.98742,17
68,5,53343.64987,53
68,6,80060.34996,72
68,7,30729.92301,27
68,8,14329.76003,7
68,9,111669.9411,84
68,10,39665.44022,36
68,11,26061.65826,22
68,12,22903.32599,16
68,13,29146.41397,26
68,14,40621.02319,38
68,15,50450.3992,45
68,16,41537.53234,39
68,17,34907.36874,31
68,18,33163.97338,29
68,19,35532.54825,32
68,20,61569.20997,58
68,21,82927.32678,74
68,22,42498.95156,41
68,23,73385.79434,67
68,24,51710.54346,49
68,25,41950.70348,40
68,26,70135.8811,66
68,27,50996.45556,47
68,28,60082.56005,56
68,29,44208.58119,42
68,30,91432.61999,81
68,31,51416.50629,48
68,32,53055.99613,52
68,33,68485.802,64
68,34,57334.3342,55
68,35,74247.756,68
68,36,60331.80065,57
68,37,114836.1035,86
68,38,89878.44468,79
68,39,96867.53328,82
68,40,130737.3583,87
68,41,113825.1646,85
68,42,80728.86411,73
68,43,90433.1185,80
68,44,65869.9675,61
68,45,74687.37538,70
68,46,67751.70068,63
68,47,65981.37437,62
68,48,50516.60918,46
68,49,31274.72038,28
68,50,68803.42571,65
68,51,45872.5756,44
68,52,23538.42636,19
68,53,85697.63974,77
68,54,9626.421038,2
68,55,74446.41323,69
68,56,55776.659,54
68,57,44385.5637,43
68,58,63587.33941,60
68,59,34240.38201,30
68,60,14856.32869,9
68,61,25540.4834,21
68,62,12339.88706,4
68,63,15101.40835,10
68,64,23426.92717,18
68,65,24093.5029,20
68,66,52237.25791,51
68,67,14623.99776,8
68,69,17024.48096,12
68,70,28641.09941,24
68,71,79437.45595,71
68,72,21800.63765,13
68,73,6866.448719,1
68,74,38228.62776,35
68,75,14205.31145,6
68,76,62773.26793,59
68,77,11685.85261,3
68,78,22429.81123,14
68,79,36889.59917,33
68,80,51817.11596,50
68,81,36989.47217,34
68,82,13824.62739,5
68,83,40367.76576,37
68,84,82981.27194,75
68,85,29078.13113,25
68,86,88068.06769,78
68,87,84087.00194,76
68,88,106366.0334,83
69,1,39089.45507,28
69,2,22955.6114,12
69,3,32688.5772,22
69,4,10779.39022,3
69,5,68025.48561,54
69,6,88725.25602,70
69,7,32677.35487,21
69,8,19058.66664,8
69,9,127660.1215,87
69,10,52071.03791,42
69,11,29565.77275,17
69,12,19467.91688,9
69,13,21705.02712,10
69,14,26401.10895,13
69,15,61626.08859,51
69,16,50598.21798,40
69,17,35425.91546,23
69,18,42029.84541,33
69,19,41455.956,31
69,20,73763.48766,59
69,21,95717.02387,76
69,22,32171.62159,20
69,23,85966.79135,69
69,24,39287.05684,29
69,25,36013.46667,25
69,26,81467.70985,64
69,27,57622.62169,48
69,28,69561.1933,57
69,29,41940.39813,32
69,30,102978.7668,81
69,31,52437.68946,43
69,32,45249.07339,39
69,33,75614.88433,60
69,34,61480.16063,50
69,35,79088.07506,62
69,36,56488.76627,47
69,37,122634.5442,85
69,38,92672.66672,73
69,39,94271.78639,74
69,40,122665.8005,86
69,41,103009.5899,82
69,42,91583.49604,71
69,43,102833.8908,80
69,44,82490.30467,65
69,45,91626.48724,72
69,46,83737.36214,67
69,47,82721.30883,66
69,48,44502.23368,37
69,49,44161.88743,36
69,50,85825.78522,68
69,51,61953.84462,52
69,52,38965.6417,27
69,53,102506.746,79
69,54,7944.365827,1
69,55,65819.20848,53
69,56,72745.72357,58
69,57,61380.56369,49
69,58,80521.27136,63
69,59,51198.30742,41
69,60,28225.59684,14
69,61,42564.25554,34
69,62,29290.09806,16
69,63,8506.229511,2
69,64,12574.32506,5
69,65,40704.85243,30
69,66,68667.46477,55
69,67,31100.26299,19
69,68,17024.48096,7
69,70,44784.42094,38
69,71,95590.02376,75
69,72,37207.05801,26
69,73,13107.66838,6
69,74,53755.63289,44
69,75,28544.99727,15
69,76,78652.80317,61
69,77,22419.2623,11
69,78,35833.39112,24
69,79,53824.81945,45
69,80,68813.2886,56
69,81,30293.37418,18
69,82,11495.12158,4
69,83,54971.47571,46
69,84,98601.15268,78
69,85,42921.78235,35
69,86,103054.9554,83
69,87,97997.78769,77
69,88,120508.1591,84
70,1,16340.02042,10
70,2,27684.19952,22
70,3,20574.84746,15
70,4,47000.44154,49
70,5,25902.06441,20
70,6,61474.60584,70
70,7,52055.21676,60
70,8,39273.24813,39
70,9,83047.87793,82
70,10,19575.72168,14
70,11,32533.54188,29
70,12,39831.30763,40
70,13,47046.95178,50
70,14,63136.66229,72
70,15,30506.55922,26
70,16,28886.14689,24
70,17,40702.72687,42
70,18,45244.77655,47
70,19,32060.09396,28
70,20,38038.56996,37
70,21,57308.5686,65
70,22,60083.8137,69
70,23,48434.26682,53
70,24,70678.14482,78
70,25,54169.94164,62
70,26,47520.35047,51
70,27,40449.87459,41
70,28,42058.30344,43
70,29,50746.08592,55
70,30,67426.25877,77
70,31,50873.89942,57
70,32,65520.13265,75
70,33,53830.66209,61
70,34,50009.57677,54
70,35,63066.51551,71
70,36,65762.60825,76
70,37,95951.92393,83
70,38,80777.16989,81
70,39,96354.11191,84
70,40,137824.6219,87
70,41,126309.3864,86
70,42,58289.9085,67
70,43,65175.98949,74
70,44,37889.41042,36
70,45,48025.39604,52
70,46,52004.18906,59
70,47,45618.558,48
70,48,75462.57887,79
70,49,35901.317,33
70,50,44307.96052,45
70,51,33014.09077,30
70,52,24917.83173,19
70,53,58205.64577,66
70,54,38150.33364,38
70,55,100204.4154,85
70,56,33561.70659,31
70,57,23041.48399,16
70,58,37071.76362,35
70,59,16913.30409,12
70,60,29611.48804,25
70,61,11666.18697,5
70,62,19246.48697,13
70,63,43676.46309,44
70,64,51938.77168,58
70,65,5517.825725,1
70,66,23925.53595,17
70,67,14033.57277,8
70,68,28641.09941,23
70,69,44784.42094,46
70,71,50860.1122,56
70,72,8141.282682,2
70,73,31818.28003,27
70,74,10132.39526,3
70,75,16826.03576,11
70,76,34133.8066,32
70,77,24061.80191,18
70,78,13233.68796,7
70,79,12339.25248,6
70,80,26601.95494,21
70,81,63332.2948,73
70,82,36602.73427,34
70,83,14139.97937,9
70,84,54376.93387,63
70,85,10583.76593,4
70,86,59790.84349,68
70,87,56925.14189,64
70,88,78719.84338,80
71,1,60006.22683,40
71,2,76263.90767,54
71,3,66753.84282,46
71,4,96777.18723,73
71,5,30834.31833,11
71,6,60079.00996,41
71,7,98246.84241,75
71,8,88613.86236,66
71,9,32298.64006,12
71,10,49720.90054,29
71,11,77323.50645,57
71,12,87721.07608,65
71,13,94334.23018,70
71,14,111444.7307,80
71,15,48396.08081,28
71,16,59504.45544,39
71,17,82224.95204,59
71,18,86493.98703,63
71,19,70060.33296,50
71,20,39600.246,18
71,21,35003.06616,14
71,22,105688.95,78
71,23,35380.417,15
71,24,116273.9266,82
71,25,96968.54888,74
71,26,43412.94058,24
71,27,65651.32962,45
71,28,53594.36348,32
71,29,89920.06347,68
71,30,46875.23503,26
71,31,83333.23854,62
71,32,106703.8604,79
71,33,64784.41047,43
71,34,74644.7143,52
71,35,76307.47353,55
71,36,100428.6724,76
71,37,82865.03416,61
71,38,92146.00149,69
71,39,118138.4305,83
71,40,165827.4751,87
71,41,161885.5916,86
71,42,47689.05656,27
71,43,40460.00629,19
71,44,15689.29433,2
71,45,19245.14287,6
71,46,54716.99861,34
71,47,42149.21051,21
71,48,122632.7125,84
71,49,74987.39046,53
71,50,29294.82341,10
71,51,55271.34066,35
71,52,67912.36497,48
71,53,16056.38221,3
71,54,88994.60541,67
71,55,147379.8673,85
71,56,37767.14033,17
71,57,43011.89484,23
71,58,23129.17668,7
71,59,51116.81348,31
71,60,77153.96776,56
71,61,56328.69113,37
71,62,68848.12485,49
71,63,94357.95817,71
71,64,102520.7749,77
71,65,55418.40724,36
71,66,27382.3207,9
71,67,64817.10199,44
71,68,79437.45595,58
71,69,95590.02376,72
71,70,50860.1122,30
71,72,58424.57887,38
71,73,82540.88109,60
71,74,42055.18214,20
71,75,67199.7477,47
71,76,17216.45188,4
71,77,74040.49441,51
71,78,60978.95171,42
71,79,44322.92302,25
71,80,33169.08555,13
71,81,112098.3202,81
71,82,86702.95797,64
71,83,42278.08926,22
71,84,8440.590563,1
71,85,54232.29768,33
71,86,17670.64107,5
71,87,26204.054,8
71,88,37185.92374,16
72,1,11372.85243,7
72,2,19599.13405,14
72,3,13458.87391,8
72,4,38917.71695,40
72,5,31552.55671,29
72,6,62407.22026,73
72,7,48235.57873,54
72,8,33959.11948,33
72,9,90453.19616,82
72,10,20010.27465,16
72,11,25158.16908,21
72,12,31751.75492,30
72,13,38995.31487,41
72,14,54997.11119,61
72,15,31425.6251,28
72,16,26400.06558,23
72,17,33831.44746,32
72,18,43864.76128,46
72,19,26723.78775,24
72,20,41067.24593,42
72,21,61726.29371,71
72,22,52154.89113,56
72,23,52397.87656,58
72,24,62705.36184,74
72,25,46713.6638,53
72,26,50172.46904,55
72,27,37800.03673,38
72,28,42411.89618,45
72,29,44068.08984,47
72,30,70965.45202,79
72,31,45672.97128,50
72,32,58185.20243,64
72,33,53064.19453,60
72,34,46637.02685,52
72,35,61225.84661,69
72,36,59591.01496,67
72,37,97277.97366,85
72,38,78504.78519,80
72,39,91851.11601,83
72,40,131857.7221,87
72,41,119330.8424,86
72,42,60959.66073,68
72,43,69406.04755,77
72,44,45889.00401,51
72,45,56165.33007,62
72,46,58399.34649,65
72,47,52937.81597,59
72,48,70700.41599,78
72,49,36078.51422,35
72,50,52306.89356,57
72,51,38168.54382,39
72,52,24789.80838,20
72,53,66272.87355,75
72,54,31002.29489,27
72,55,95198.13537,84
72,56,41103.48909,43
72,57,30141.35953,26
72,58,45211.1671,48
72,59,22324.14129,18
72,60,26168.8263,22
72,61,14347.40626,9
72,62,15031.28166,10
72,63,36885.28592,36
72,64,45220.55577,49
72,65,7135.96314,2
72,66,31852.83886,31
72,67,8094.896286,3
72,68,21800.63765,17
72,69,37207.05801,37
72,70,8141.282682,4
72,71,58424.57887,66
72,73,24125.53755,19
72,74,16580.72314,12
72,75,8815.801371,6
72,76,41445.80982,44
72,77,15958.10477,11
72,78,6384.735011,1
72,79,19874.50734,15
72,80,34595.56331,34
72,81,57911.994,63
72,82,28563.4627,25
72,83,18641.24904,13
72,84,61452.61934,70
72,85,8727.281454,5
72,86,66297.62369,76
72,87,62396.50228,72
72,88,84599.13832,81
73,1,26560.96957,21
73,2,12155.04558,5
73,3,20627.57783,14
73,4,16690.70486,10
73,5,54974.69477,53
73,6,78028.83972,70
73,7,35198.73879,30
73,8,18681.03276,13
73,9,114573.0419,86
73,10,39524.42843,38
73,11,21153.39802,15
73,12,16216.34207,9
73,13,22289.36968,17
73,14,34203.12008,29
73,15,49604.42706,47
73,16,39436.79275,36
73,17,29359.86174,23
73,18,39474.3463,37
73,19,31858.89754,28
73,20,61402.57786,58
73,21,83199.48155,74
73,22,35638.57781,32
73,23,73502.06755,66
73,24,44937.74555,43
73,25,35298.79645,31
73,26,69474.96075,62
73,27,47854.58131,46
73,28,58359.34934,56
73,29,38164.69307,34
73,30,90953.14517,81
73,31,46275.98377,44
73,32,46289.28744,45
73,33,65697.16857,60
73,34,53272.02425,51
73,35,70560.48467,64
73,36,54124.07811,52
73,37,112500.5872,85
73,38,85538.0044,77
73,39,91061.21973,82
73,40,124065.367,87
73,41,106963.6848,83
73,42,79829.31617,72
73,43,90468.90639,80
73,44,69648.32748,63
73,45,79152.31748,71
73,46,74138.4074,68
73,47,71819.93989,65
73,48,52712.88053,50
73,49,38118.8739,33
73,50,73893.64871,67
73,51,52275.95341,49
73,52,30281.60228,25
73,53,89808.92508,78
73,54,8356.614087,3
73,55,75797.88884,69
73,56,61212.21867,57
73,57,49766.06223,48
73,58,68056.08745,61
73,59,39821.45891,39
73,60,21644.00422,16
73,61,30824.71581,26
73,62,18306.45155,11
73,63,14883.72114,7
73,64,22821.68192,18
73,65,28022.08642,22
73,66,55740.22486,54
73,67,18470.92948,12
73,68,6866.448719,1
73,69,13107.66838,6
73,70,31818.28003,27
73,71,82540.88109,73
73,72,24125.53755,20
73,74,40654.65112,40
73,75,15437.33256,8
73,76,65566.56192,59
73,77,9692.987225,4
73,78,22874.15886,19
73,79,41459.22684,41
73,80,56571.39362,55
73,81,38668.39946,35
73,82,6975.280681,2
73,83,41911.08317,42
73,84,85493.81173,76
73,85,29937.18425,24
73,86,89988.06947,79
73,87,85141.29618,75
73,88,107612.4521,84
74,1,19227.78299,11
74,2,34427.48009,30
74,3,25454.21164,20
74,4,54766.67352,66
74,5,15781.80638,7
74,6,53747.49467,63
74,7,62106.02819,72
74,8,49369.22437,55
74,9,73934.25717,79
74,10,14989.95051,5
74,11,36965.3064,32
74,12,46224.09637,48
74,13,53145.6946,60
74,14,69940.84298,77
74,15,23813.36622,16
74,16,26373.71044,21
74,17,43740.3283,43
74,18,54591.01537,65
74,19,33058.16226,28
74,20,29049.29417,22
74,21,47380.2974,51
74,22,65421.00899,73
74,23,38733.69147,37
74,24,76104.86459,81
74,25,58119.43579,70
74,26,38625.59554,36
74,27,37231.07964,34
74,28,35332.4155,31
74,29,53079.21939,59
74,30,57829.30994,68
74,31,50699.80521,57
74,32,68978.20301,76
74,33,47904.81337,53
74,34,47291.79477,50
74,35,58118.28877,69
74,36,66823.01981,74
74,37,87626.36061,83
74,38,76050.93597,80
74,39,94344.05496,84
74,40,137889.8191,87
74,41,128445.4643,86
74,42,49254.94514,54
74,43,55291.18131,67
74,44,30581.08053,24
74,45,42064.24273,42
74,46,53148.48655,61
74,47,44654.40154,46
74,48,85591.40614,82
74,49,44605.07308,44
74,50,40499.63855,39
74,51,37112.44221,33
74,52,34093.85576,29
74,53,51097.44463,58
74,54,47555.5405,52
74,55,110336.7744,85
74,56,32387.46338,27
74,57,24174.85173,17
74,58,31752.44194,25
74,59,22241.87843,13
74,60,39678.00398,38
74,61,20424.34992,12
74,62,29373.54224,23
74,63,53328.56297,62
74,64,61642.39828,71
74,65,15603.04719,6
74,66,16643.13925,9
74,67,23810.7568,15
74,68,38228.62776,35
74,69,53755.63289,64
74,70,10132.39526,2
74,71,42055.18214,41
74,72,16580.72314,8
74,73,40654.65112,40
74,75,25233.1858,19
74,76,24947.79196,18
74,77,31985.82946,26
74,78,19059.45119,10
74,79,14334.94684,4
74,80,23696.93976,14
74,81,73436.72044,78
74,82,44648.22745,45
74,83,5670.589823,1
74,84,44872.06072,47
74,85,12803.41345,3
74,86,49874.30029,56
74,87,46793.6843,49
74,88,68619.46921,75
75,1,13332.4814,8
75,2,11919.71148,6
75,3,10446.85691,5
75,4,30179.82027,32
75,5,39654.75788,40
75,6,66558.08396,70
75,7,43360.62252,47
75,8,27790.28214,26
75,9,99165.86938,84
75,10,25490.89828,23
75,11,19652.2977,15
75,12,23821.84718,19
75,13,31119.28123,33
75,14,46563.19158,50
75,15,36429.56835,35
75,16,28515.36909,28
75,17,28994.83848,31
75,18,41860.98573,43
75,19,25055.10093,20
75,20,47369.93753,52
75,21,68745.90514,73
75,22,44594.30845,48
75,23,59185.84064,63
75,24,54970.47581,59
75,25,40345.2454,41
75,26,56003.83108,62
75,27,38966.52687,38
75,28,46474.5317,49
75,29,39270.60828,39
75,30,77250.82741,79
75,31,43210.30753,45
75,32,51931.84529,56
75,33,55746.1789,61
75,34,46590.2736,51
75,35,62596.03367,66
75,36,55350.84279,60
75,37,101454.5121,85
75,38,79134.65086,80
75,39,89637.25372,82
75,40,127449.628,87
75,41,113414.4621,86
75,42,66645.70345,71
75,43,76231.79252,78
75,44,54681.48193,58
75,45,64776.35628,69
75,46,64425.89386,67
75,47,60110.58311,64
75,48,64484.0529,68
75,49,36152.17552,34
75,50,60459.74668,65
75,51,43246.34063,46
75,52,25467.83468,22
75,53,75030.28914,77
75,54,22765.19344,17
75,55,88593.78412,81
75,56,48651.81089,53
75,57,37365.32321,37
75,58,53762.06306,57
75,59,28392.64441,27
75,60,22845.38777,18
75,61,19381.41562,14
75,62,12636.99972,7
75,63,28941.31324,30
75,64,37260.54047,36
75,65,14108.89619,9
75,66,40659.86495,42
75,67,6656.756374,1
75,68,14205.31145,10
75,69,28544.99727,29
75,70,16826.03576,13
75,71,67199.7477,72
75,72,8815.801371,4
75,73,15437.33256,12
75,74,25233.1858,21
75,76,50167.54045,54
75,77,7308.874024,2
75,78,8245.972931,3
75,79,27773.71537,25
75,80,42808.01709,44
75,81,51139.9421,55
75,82,19778.36659,16
75,83,26591.57747,24
75,84,70056.88632,74
75,85,14928.50382,11
75,86,74618.72129,76
75,87,70123.14716,75
75,88,92504.66495,83
76,1,42820.70251,34
76,2,59051.13502,52
76,3,49547.56631,42
76,4,79588.99297,71
76,5,14549.43343,3
76,6,52296.10899,46
76,7,83557.29176,75
76,8,72727.91038,65
76,9,49007.40033,41
76,10,33004.91331,20
76,11,60235.55922,53
76,12,70515.15394,63
76,13,77162.61873,68
76,14,94245.79313,80
76,15,33501.59566,22
76,16,43436.94048,35
76,17,65479.74541,59
76,18,73152.4266,66
76,19,53485.62004,49
76,20,27741.94771,12
76,21,33396.37433,21
76,22,88678.30486,78
76,23,28941.35266,16
76,24,99298.68858,82
76,25,80221.9651,72
76,26,34573.77565,24
76,27,50887.90948,44
76,28,40987.52493,31
76,29,73579.28159,67
76,30,45850.22423,38
76,31,67941.52459,61
76,32,90252.11741,79
76,33,53419.94508,48
76,34,60474.22216,54
76,35,65032.49619,58
76,36,84992.41676,76
76,37,80797.55881,73
76,38,82083.92711,74
76,39,105895.9731,83
76,40,152572.4043,87
76,41,146843.1799,86
76,42,42204.5397,33
76,43,40882.42117,29
76,44,11363.80216,1
76,45,23913.49295,8
76,46,51457.53649,45
76,47,39411.06804,28
76,48,107759.2483,84
76,49,61899.88976,56
76,50,28847.57858,14
76,51,45346.68533,37
76,52,53502.52693,50
76,53,28908.81336,15
76,54,72251.92039,64
76,55,132595.984,85
76,56,30503.5355,18
76,57,31284.45189,19
76,58,18827.11742,5
76,59,37271.94074,26
76,60,61772.1237,55
76,61,40913.06829,30
76,62,52720.33796,47
76,63,77804.09538,69
76,64,86047.6262,77
76,65,38993.00359,27
76,66,12280.05675,2
76,67,48165.36883,40
76,68,62773.26793,57
76,69,78652.80317,70
76,70,34133.8066,23
76,71,17216.45188,4
76,72,41445.80982,32
76,73,65566.56192,60
76,74,24947.79196,9
76,75,50167.54045,43
76,77,56914.53028,51
76,78,43783.44256,36
76,79,29409.12949,17
76,80,22608.30909,7
76,81,96548.18996,81
76,82,69560.95402,62
76,83,25094.86218,10
76,84,20348.90743,6
76,85,37016.02587,25
76,86,26904.17678,11
76,87,28235.16706,13
76,88,47097.97306,39
77,1,16868.31238,13
77,2,5827.048505,1
77,3,11117.44083,4
77,4,22962.20162,18
77,5,45696.33097,46
77,6,68805.04052,68
77,7,42411.13357,43
77,8,25994.47353,25
77,9,105838.4078,85
77,10,29838.09921,27
77,11,15292.40314,9
77,12,16808.19867,12
77,13,24076.01021,21
77,14,39258.99003,38
77,15,39959.3122,41
77,16,30183.03718,29
77,17,24618.60165,24
77,18,43634.65965,44
77,19,23872.98231,19
77,20,51709.6271,56
77,21,73518.50001,72
77,22,37673.95891,37
77,23,63813.95034,65
77,24,47920.09423,51
77,25,34315.81607,33
77,26,59819.30436,60
77,27,39335.56501,39
77,28,48974.78649,52
77,29,34566.10676,34
77,30,81284.06714,79
77,31,40391.46979,42
77,32,45866.33418,48
77,33,56916.9073,59
77,34,45706.18894,47
77,35,62563.05281,64
77,36,50816.34349,55
77,37,103458.2471,84
77,38,78290.3294,76
77,39,86401.5979,82
77,40,122403.999,87
77,41,107352.6108,86
77,42,70219.61612,69
77,43,80776.36257,78
77,44,61831.42907,63
77,45,72059.73034,71
77,46,70995.45549,70
77,47,67151.57666,66
77,48,61683.00942,62
77,49,39695.24396,40
77,50,67751.46764,67
77,51,49515.33597,53
77,52,29893.6021,28
77,53,82230.53092,80
77,54,17912.20574,14
77,55,85162.93935,81
77,56,55827.36545,57
77,57,44483.64511,45
77,58,61057.74575,61
77,59,35233.06334,36
77,60,24508.40349,23
77,61,26104.04678,26
77,62,16577.25293,11
77,63,24415.92749,22
77,64,32483.78573,31
77,65,21368.22716,16
77,66,47776.51806,49
77,67,12920.55788,7
77,68,11685.85261,5
77,69,22419.2623,17
77,70,24061.80191,20
77,71,74040.49441,73
77,72,15958.10477,10
77,73,9692.987225,3
77,74,31985.82946,30
77,75,7308.874024,2
77,76,56914.53028,58
77,78,13455.26797,8
77,79,35056.69375,35
77,80,50110.93669,54
77,81,47838.80935,50
77,82,12673.45164,6
77,83,32682.46724,32
77,84,76569.28125,75
77,85,20545.50508,15
77,86,80735.43946,77
77,87,75587.88741,74
77,88,98091.17111,83
78,1,5672.795066,1
78,2,15369.45609,10
78,3,7355.256312,4
78,4,35806.75286,34
78,5,32242.12443,30
78,6,58619.99567,66
78,7,51289.85937,59
78,8,35974.64092,36
78,9,92569.23728,83
78,10,17245.37543,11
78,11,19300.50304,15
78,12,27271.81367,23
78,13,34328.66612,32
78,14,50930.28292,57
78,15,28236.13785,25
78,16,21211.65906,18
78,17,27651.48239,24
78,18,48556.34706,54
78,19,20389.04395,16
78,20,39140.45612,41
78,21,60611.36483,70
78,22,47066.9728,51
78,23,51010.24171,58
78,24,57710.98974,64
78,25,40936.91027,45
78,26,47760.41771,52
78,27,32281.52398,31
78,28,38517.95888,40
78,29,37827.21006,39
78,30,69008.50367,77
78,31,39316.85533,42
78,32,52305.43832,60
78,33,48337.92961,53
78,34,40736.91663,44
78,35,55883.68165,62
78,36,53244.01482,61
78,37,93543.35748,84
78,38,72903.2787,80
78,39,85558.93154,82
78,40,125498.8044,87
78,41,113243.7694,86
78,42,58413.33273,65
78,43,68048.5058,76
78,44,49498.4584,55
78,45,60463.44882,69
78,46,64627.21427,74
78,47,58781.25928,67
78,48,72711.48693,79
78,49,41569.29069,46
78,50,57395.38464,63
78,51,44544.34307,48
78,52,30375.02607,28
78,53,70014.42219,78
78,54,30670.27962,29
78,55,96839.51958,85
78,56,46780.33255,50
78,57,36074.04276,37
78,58,49712.4697,56
78,59,28646.04903,26
78,60,30037.68389,27
78,61,20713.22706,17
78,62,19078.29605,13
78,63,36981.18766,38
78,64,45258.23773,49
78,65,13492.68884,9
78,66,35438.33807,33
78,67,11863.78937,6
78,68,22429.81123,19
78,69,35833.39112,35
78,70,13233.68796,7
78,71,60978.95171,71
78,72,6384.735011,2
78,73,22874.15886,20
78,74,19059.45119,12
78,75,8245.972931,5
78,76,43783.44256,47
78,77,13455.26797,8
78,79,25522.78741,21
78,80,39729.10488,43
78,81,59385.00436,68
78,82,25900.42133,22
78,83,19246.47357,14
78,84,63217.3517,73
78,85,7091.950029,3
78,86,67280.65269,75
78,87,62274.51093,72
78,88,84738.34261,81
79,1,28540.38916,21
79,2,39344.93379,34
79,3,32877.24296,27
79,4,57563.27299,59
79,5,26848.30895,19
79,6,67752.13577,70
79,7,54215.58599,56
79,8,44447.80677,42
79,9,76498.26343,77
79,10,28793.02795,22
79,11,44810.82895,43
79,12,51463.34484,52
79,13,58744.26173,61
79,14,74303.69595,75
79,15,38148.21252,33
79,16,39561.13062,35
79,17,53041.36527,54
79,18,43991.96472,39
79,19,44105.70867,40
79,20,42419.64206,38
79,21,58423.43968,60
79,22,72007.30033,73
79,23,50717.97309,49
79,24,82525.55134,81
79,25,66440.8076,69
79,26,51931.08138,53
79,27,50861.22431,50
79,28,49650.99183,48
79,29,63065.7361,67
79,30,69777.1743,72
79,31,62719.52168,66
79,32,77828.22355,78
79,33,62236.2646,64
79,34,60765.74961,63
79,35,72354.85715,74
79,36,77951.00841,79
79,37,101143.5747,83
79,38,90269.00585,82
79,39,107596.3509,85
79,40,149867.0882,87
79,41,138644.9441,86
79,42,62269.82484,65
79,43,66391.20635,68
79,44,29586.3196,24
79,45,37803.76554,32
79,46,40038.26464,36
79,47,33279.80397,29
79,48,78506.50515,80
79,49,33023.49286,28
79,50,32698.55291,25
79,51,22782.74535,13
79,52,24095.08024,15
79,53,48890.39746,46
79,54,46475.69153,44
79,55,103321.0102,84
79,56,21268.85658,11
79,57,10817.73465,2
79,58,26700.32057,18
79,59,8644.168538,1
79,60,32831.52293,26
79,61,12087.23228,3
79,62,25202.70238,16
79,63,51142.93167,51
79,64,59028.47777,62
79,65,13699.01358,5
79,66,17276.3974,8
79,67,23006.86348,14
79,68,36889.59917,31
79,69,53824.81945,55
79,70,12339.25248,4
79,71,44322.92302,41
79,72,19874.50734,9
79,73,41459.22684,37
79,74,14334.94684,6
79,75,27773.71537,20
79,76,29409.12949,23
79,77,35056.69375,30
79,78,25522.78741,17
79,80,15136.57158,7
79,81,67776.97194,71
79,82,47089.50172,45
79,83,20002.90715,10
79,84,49432.26517,47
79,85,22378.99513,12
79,86,56298.33835,58
79,87,55964.45983,57
79,88,76320.68445,76
80,1,41784.63673,30
80,2,54190.0939,45
80,3,46982.8627,36
80,4,72696.54515,68
80,5,28102.55206,16
80,6,70963.10007,67
80,7,65904.47459,59
80,8,58189.60245,50
80,9,64273.81764,57
80,10,38339.06404,26
80,11,58941.28825,51
80,12,66340.40774,60
80,13,73590.75128,70
80,14,89369.89727,77
80,15,44932.63554,33
80,16,49914.25728,38
80,17,66619.87428,61
80,18,53438.48874,43
80,19,56573.32076,49
80,20,44963.01394,34
80,21,55671.40093,47
80,22,86685.54882,76
80,23,49947.43594,39
80,24,97273.5329,81
80,25,80532.19012,74
80,26,53665.31002,44
80,27,60331.96729,52
80,28,55459.1644,46
80,29,76321.44771,72
80,30,67957.45569,62
80,31,74396.25328,71
80,32,91731.99812,80
80,33,68471.77271,63
80,34,70455.19885,66
80,35,79505.12462,73
80,36,90449.11764,79
80,37,101998.5157,83
80,38,97350.50272,82
80,39,117506.1769,85
80,40,161564.0211,87
80,41,151884.977,86
80,42,62828.39221,55
80,43,63330.93674,56
80,44,17483.45705,6
80,45,23037.38807,12
80,46,31293.34306,19
80,47,21248.97954,9
80,48,90297.9918,78
80,49,41907.03926,31
80,50,17712.71342,7
80,51,22885.91229,11
80,52,35754.62983,24
80,53,34633.03519,22
80,54,61339.55121,53
80,55,114872.349,84
80,56,9396.282522,1
80,57,9875.075118,2
80,58,12110.74811,3
80,59,19051.16619,8
80,60,46054.98583,35
80,61,26430.32141,14
80,62,39833.48786,28
80,63,65711.643,58
80,64,73380.74013,69
80,65,28803.68862,18
80,66,12375.68781,4
80,67,38136.29749,25
80,68,51817.11596,42
80,69,68813.2886,65
80,70,26601.95494,15
80,71,33169.08555,20
80,72,34595.56331,21
80,73,56571.39362,48
80,74,23696.93976,13
80,75,42808.01709,32
80,76,22608.30909,10
80,77,50110.93669,40
80,78,39729.10488,27
80,79,15136.57158,5
80,81,80670.24803,75
80,82,62221.93767,54
80,83,28292.18028,17
80,84,39873.53146,29
80,85,35263.92479,23
80,86,48077.93652,37
80,87,50829.89321,41
80,88,68566.71703,64
81,1,64126.50674,35
81,2,50753.31883,22
81,3,58952.36563,28
81,4,40076.37976,13
81,5,89105.90919,58
81,6,116623.3833,73
81,7,16863.60617,2
81,8,24070.79082,5
81,9,144249.8535,85
81,10,76630.37186,47
81,11,58965.88126,29
81,12,49737.79784,19
81,13,51515.61013,24
81,14,49974.20268,21
81,15,87427.90432,56
81,16,77997.29539,48
81,17,65606.60467,38
81,18,32838.64466,8
81,19,70352.06126,41
81,20,98488.72903,65
81,21,119604.9749,76
81,22,59571.98059,31
81,23,110173.7025,70
81,24,63694.43072,34
81,25,65577.46345,37
81,26,107123.4192,68
81,27,86457.48562,55
81,28,96809.37719,63
81,29,72162.13744,43
81,30,128388.5156,83
81,31,82687.77598,51
81,32,73534.7409,45
81,33,104349.1237,67
81,34,91253.12742,59
81,35,108768.1157,69
81,36,86218.61489,54
81,37,151165.4539,87
81,38,122852.2289,78
81,39,124007.543,80
81,40,148792.1651,86
81,41,126310.0139,81
81,42,117715.1796,75
81,43,127217.1319,82
81,44,97167.37351,64
81,45,103293.8035,66
81,46,84451.00115,52
81,47,87898.41204,57
81,48,14252.99122,1
81,49,42200.11436,15
81,50,94980.05263,61
81,51,65354.8229,36
81,52,44973.62883,17
81,53,115204.2033,72
81,54,30389.24212,7
81,55,37457.7914,11
81,56,81161.97902,50
81,57,71275.39106,42
81,58,92732.37583,60
81,59,61641.33012,32
81,60,34945.88958,9
81,61,55795.75288,25
81,62,44107.83759,16
81,63,24000.9646,4
81,64,17790.10538,3
81,65,57991.21189,27
81,66,84865.0738,53
81,67,49937.70483,20
81,68,36989.47217,10
81,69,30293.37418,6
81,70,63332.2948,33
81,71,112098.3202,71
81,72,57911.994,26
81,73,38668.39946,12
81,74,73436.72044,44
81,75,51139.9421,23
81,76,96548.18996,62
81,77,47838.80935,18
81,78,59385.00436,30
81,79,67776.97194,40
81,80,80670.24803,49
81,82,40857.92869,14
81,83,76476.29369,46
81,84,116868.2699,74
81,85,65841.29909,39
81,86,122941.9655,79
81,87,120129.555,77
81,88,142051.5469,84
82,1,28388.36274,21
82,2,11704.43911,6
82,3,21718.37803,13
82,4,10475.27337,3
82,5,58050.20347,52
82,6,77231.09013,67
82,7,39982.59206,36
82,8,23941.46472,15
82,9,118444.5783,87
82,10,41253.1422,38
82,11,18224.85191,11
82,12,10045.59381,2
82,13,15442.09184,9
82,14,27611.77132,20
82,15,50397.8509,48
82,16,39151.16692,34
82,17,24980.07533,17
82,18,45805.4367,43
82,19,30004.44878,26
82,20,62696.64023,57
82,21,84729.05061,74
82,22,28675.69949,24
82,23,74951.42152,65
82,24,37987.59305,33
82,25,28915.56354,25
82,26,70184.88556,62
82,27,46186.00938,45
82,28,58095.35841,53
82,29,32811.35526,27
82,30,91685.78717,79
82,31,42129.39577,39
82,32,39637.65137,35
82,33,64179.3187,58
82,34,50414.92542,49
82,35,67969.51669,60
82,36,48387.32978,47
82,37,111193.3351,85
82,38,82082.1418,72
82,39,85760.6141,75
82,40,117523.3945,86
82,41,100060.0185,83
82,42,80206.95429,70
82,43,91720.50522,80
82,44,74451.58719,64
82,45,84478.25464,73
82,46,80900.43735,71
82,47,78216.68433,68
82,48,55105.01425,50
82,49,45006.63209,41
82,50,79731.11835,69
82,51,59066.51697,54
82,52,37243.92968,32
82,53,94808.17653,82
82,54,11478.41269,4
82,55,77103.77342,66
82,56,67345.7433,59
82,57,55905.63199,51
82,58,73428.27694,63
82,59,46147.91083,44
82,60,28486.19289,22
82,61,37044.38365,31
82,62,25030.15803,18
82,63,17059.88401,10
82,64,23607.23887,14
82,65,33434.22549,29
82,66,60413.57782,55
82,67,24181.61322,16
82,68,13824.62739,8
82,69,11495.12158,5
82,70,36602.73427,30
82,71,86702.95797,76
82,72,28563.4627,23
82,73,6975.280681,1
82,74,44648.22745,40
82,75,19778.36659,12
82,76,69560.95402,61
82,77,12673.45164,7
82,78,25900.42133,19
82,79,47089.50172,46
82,80,62221.93767,56
82,81,40857.92869,37
82,83,45127.94368,42
82,84,89117.15759,78
82,85,32925.10458,28
82,86,93048.49817,81
82,87,87415.08464,77
82,88,109963.5307,84
83,1,17728.68967,6
83,2,34192.02708,30
83,3,24494.91146,15
83,4,54871.48191,65
83,5,13067.1865,4
83,6,48210.66088,54
83,7,65977.60588,74
83,8,52449.95332,61
83,9,73465.19097,79
83,10,10072.6125,2
83,11,35212.76409,33
83,12,45454.08805,51
83,13,52067.76979,60
83,14,69168.02418,77
83,15,18146.40691,7
83,16,21688.07894,13
83,17,41056.1208,37
83,18,59329.84282,70
83,19,29649.39555,22
83,20,23965.52158,14
83,21,43390.71053,43
83,22,63719.99084,72
83,23,34351.37484,31
83,24,74374.11544,80
83,25,55696.07871,68
83,26,33499.50594,29
83,27,32099.32978,25
83,28,29663.27115,23
83,29,49891.19963,58
83,30,53297.38564,64
83,31,46448.20533,52
83,32,66190.69506,76
83,33,42246.24351,40
83,34,42211.22157,39
83,35,52534.87417,62
83,36,62931.30106,71
83,37,82281.63463,82
83,38,70474.14619,78
83,39,89285.52069,84
83,40,133404.3003,87
83,41,124791.5184,86
83,42,44228.74554,47
83,43,51195.28357,59
83,44,32563.22985,26
83,45,44743.80326,49
83,46,58425.34566,69
83,47,49480.68663,56
83,48,89038.60537,83
83,49,49674.86275,57
83,50,44351.6309,48
83,51,42774.99168,42
83,52,38910.53513,35
83,53,52835.92913,63
83,54,49335.2009,55
83,55,113657.7706,85
83,56,37303.14037,34
83,57,29668.57066,24
83,58,35036.18372,32
83,59,27854.71903,20
83,60,43551.38988,44
83,61,25348.36442,17
83,62,32809.4262,28
83,63,55393.61808,67
83,64,63733.02742,73
83,65,19597.65178,11
83,66,19381.15295,10
83,67,26538.60424,18
83,68,40367.76576,36
83,69,54971.47571,66
83,70,14139.97937,5
83,71,42278.08926,41
83,72,18641.24904,8
83,73,41911.08317,38
83,74,5670.589823,1
83,75,26591.57747,19
83,76,25094.86218,16
83,77,32682.46724,27
83,78,19246.47357,9
83,79,20002.90715,12
83,80,28292.18028,21
83,81,76476.29369,81
83,82,45127.94368,50
83,84,44032.50573,46
83,85,12207.1281,3
83,86,48083.49073,53
83,87,43755.54477,45
83,88,65999.58697,75
84,1,61506.0747,40
84,2,78205.98061,55
84,3,68368.94698,45
84,4,98901.24548,75
84,5,31457.34863,13
84,6,54287.27173,31
84,7,103646.2739,76
84,8,93074.45571,69
84,9,29523.89092,10
84,10,50135.34714,28
84,11,78222.75348,56
84,12,89201.14106,65
84,13,95506.53997,70
84,14,112758.304,80
84,15,46878.27111,25
84,16,58830.53222,35
84,17,82250.12938,60
84,18,92619.26593,68
84,19,69911.12183,47
84,20,36495.33734,16
84,21,27912.68425,8
84,22,106183.2203,78
84,23,29995.9752,11
84,24,116627.6968,82
84,25,96895.85725,71
84,26,38591.01187,18
84,27,63602.16848,44
84,28,50323.57938,29
84,29,89234.3321,66
84,30,39260.20056,19
84,31,81609.89341,58
84,32,106076.0727,77
84,33,60537.03623,37
84,34,71986.56391,50
84,35,71824.33186,49
84,36,98606.88972,74
84,37,75108.47675,53
84,38,86893.25704,63
84,39,113830.3927,81
84,40,161966.7086,87
84,41,159423.3132,86
84,42,41357.83689,21
84,43,32658.41576,15
84,44,22761.2286,5
84,45,27684.9161,7
84,46,63029.22334,42
84,47,50441.17703,30
84,48,127928.6839,84
84,49,81197.5504,57
84,50,37646.42048,17
84,51,62470.27625,41
84,52,73427.41961,52
84,53,23179.54805,6
84,54,92396.75917,67
84,55,152750.3913,85
84,56,45373.14766,24
84,57,49533.86373,27
84,58,30858.38284,12
84,59,56856.01146,34
84,60,82039.65485,59
84,61,61154.31326,38
84,62,73068.35913,51
84,63,98047.14826,72
84,64,106315.6888,79
84,65,59320.06016,36
84,66,32157.47188,14
84,67,68406.136,46
84,68,82981.27194,61
84,69,98601.15268,73
84,70,54376.93387,32
84,71,8440.590563,1
84,72,61452.61934,39
84,73,85493.81173,62
84,74,44872.06072,23
84,75,70056.88632,48
84,76,20348.90743,4
84,77,76569.28125,54
84,78,63217.3517,43
84,79,49432.26517,26
84,80,39873.53146,20
84,81,116868.2699,83
84,82,89117.15759,64
84,83,44032.50573,22
84,85,56232.10647,33
84,86,9237.32303,2
84,87,18577.88577,3
84,88,29150.04258,9
85,1,6555.127723,1
85,2,22051.10043,16
85,3,12681.75627,7
85,4,42687.80611,44
85,5,25158.23449,21
85,6,53686.48237,61
85,7,56816.28603,70
85,8,42113.29548,43
85,9,85638.44456,82
85,10,11297.49316,5
85,11,24194.79262,20
85,12,33576.34333,32
85,13,40404.84797,40
85,14,57320.51135,71
85,15,22702.86179,18
85,16,18589.35434,12
85,17,31374.15645,27
85,18,52524.43779,57
85,19,21732.58025,15
85,20,32708.29431,28
85,21,53851.70557,62
85,22,52619.67764,58
85,23,44343.763,51
85,24,63303.35696,76
85,25,45515.0857,54
85,26,41642.57139,42
85,27,30167.35963,26
85,28,33716.42558,33
85,29,41081.36457,41
85,30,62641.80459,75
85,31,40389.1872,39
85,32,56552.28024,69
85,33,44620.49286,53
85,34,39542.01607,38
85,35,53217.9789,60
85,36,55625.22503,67
85,37,88551.24744,84
85,38,70745.00907,79
85,39,85771.29371,83
85,40,127489.0873,87
85,41,116689.4531,86
85,42,52400.57821,56
85,43,61392.13637,73
85,44,43368.98357,47
85,45,54815.07302,64
85,46,62371.48028,74
85,47,55357.17999,66
85,48,78919.73959,81
85,49,44375.84963,52
85,50,52653.19406,59
85,51,43591.16724,48
85,52,33089.59812,30
85,53,63875.11824,77
85,54,37626.83237,37
85,55,103250.4655,85
85,56,43121.73433,46
85,57,33196.71999,31
85,58,44342.49581,50
85,59,27478.54636,22
85,60,34873.14651,34
85,61,21205.16812,14
85,62,23725.5102,19
85,63,43862.20568,49
85,64,52171.60725,55
85,65,13715.12775,9
85,66,29443.33802,24
85,67,16632.21948,11
85,68,29078.13113,23
85,69,42921.78235,45
85,70,10583.76593,4
85,71,54232.29768,63
85,72,8727.281454,3
85,73,29937.18425,25
85,74,12803.41345,8
85,75,14928.50382,10
85,76,37016.02587,36
85,77,20545.50508,13
85,78,7091.950029,2
85,79,22378.99513,17
85,80,35263.92479,35
85,81,65841.29909,78
85,82,32925.10458,29
85,83,12207.1281,6
85,84,56232.10647,68
85,86,60193.9609,72
85,87,55253.2879,65
85,88,77689.60493,80
86,1,64873.23343,38
86,2,81772.20768,57
86,3,71736.35808,48
86,4,102464.8982,73
86,5,35039.5302,13
86,6,49300.67185,25
86,7,110358.3343,79
86,8,98960.54313,71
86,9,28578.60965,9
86,10,52674.73971,27
86,11,80725.90847,54
86,12,92186.53808,65
86,13,98119.33499,69
86,14,115398.0861,81
86,15,47457.75115,21
86,16,59995.40099,34
86,17,83784.63446,59
86,18,100027.3019,72
86,19,71428.14285,47
86,20,35696.17735,15
86,21,21744.4202,5
86,22,108002.3816,77
86,23,26547.85422,7
86,24,118230.7233,82
86,25,98179.7478,70
86,26,35438.6972,14
86,27,63129.68385,36
86,28,48732.8573,24
86,29,89923.7196,63
86,30,31740.81763,12
86,31,81229.72265,56
86,32,106685.3624,76
86,33,57477.11618,30
86,34,70661.46317,45
86,35,68284.37267,44
86,36,97945.20066,68
86,37,67071.98695,41
86,38,82221.07787,58
86,39,110156.0805,78
86,40,158644.7886,86
86,41,157725.8622,85
86,42,35899.11524,16
86,43,24923.51402,6
86,44,31451.47621,10
86,45,36905.7389,17
86,46,72222.0337,49
86,47,59627.645,32
86,48,134469.8052,84
86,49,88724.00544,62
86,50,46865.23121,20
86,51,70882.33286,46
86,52,80393.10345,53
86,53,31542.38181,11
86,54,97275.42394,67
86,55,159309.9478,87
86,56,54146.27626,28
86,57,57508.73272,31
86,58,39782.96893,19
86,59,64145.73071,37
86,60,88386.57138,61
86,61,67626.99846,43
86,62,78876.96156,52
86,63,103167.9003,75
86,64,111493.9885,80
86,65,64999.65169,39
86,66,39162.15071,18
86,67,73680.27692,50
86,68,88068.06769,60
86,69,103054.9554,74
86,70,59790.84349,33
86,71,17670.64107,3
86,72,66297.62369,40
86,73,89988.06947,64
86,74,49874.30029,26
86,75,74618.72129,51
86,76,26904.17678,8
86,77,80735.43946,55
86,78,67280.65269,42
86,79,56298.33835,29
86,80,48077.93652,22
86,81,122941.9655,83
86,82,93048.49817,66
86,83,48083.49073,23
86,84,9237.32303,1
86,85,60193.9609,35
86,87,12048.40146,2
86,88,20488.93238,4
87,1,59032.02886,37
87,2,75834.8756,56
87,3,65735.20511,46
87,4,96265.47127,72
87,5,31038.97224,13
87,6,37270.52992,15
87,7,108763.1072,81
87,8,96064.27005,71
87,9,39643.81054,18
87,10,46214.51589,25
87,11,73545.99345,52
87,12,85406.08557,63
87,13,90851.23913,69
87,14,108016.9898,80
87,15,39035.83366,17
87,16,51780.7079,28
87,17,75533.11225,54
87,18,99897.79768,78
87,19,63338.30386,43
87,20,26482.02803,11
87,21,9719.10432,1
87,22,99810.40466,77
87,23,15550.98035,4
87,24,109759.2218,82
87,25,89538.68212,68
87,26,24260.94822,9
87,27,53329.15767,29
87,28,38317.13367,16
87,29,80802.93806,60
87,30,20712.97076,6
87,31,71285.26696,51
87,32,97370.03349,73
87,33,46011.66843,24
87,34,60113.72821,39
87,35,56554.97635,33
87,36,87669.61193,66
87,37,56666.45512,34
87,38,70196.88346,49
87,39,98302.8368,75
87,40,146856.6778,86
87,41,146629.1147,85
87,42,23851.46816,8
87,43,14268.29395,3
87,44,36347.48642,14
87,45,44766.82853,22
87,46,78212.12362,58
87,47,65715.50758,45
87,48,132383.6038,84
87,49,88981.5305,67
87,50,53547.46851,30
87,51,73571.47654,53
87,52,79648.50054,59
87,53,41730.25097,20
87,54,92872.35787,70
87,55,157127.9099,87
87,56,58314.025,36
87,57,59392.23055,38
87,58,44967.68619,23
87,59,64377.47835,44
87,60,86396.86214,64
87,61,66252.98114,47
87,62,76151.84854,57
87,63,99048.58917,76
87,64,107378.0768,79
87,65,62386.28177,41
87,66,39945.67953,19
87,67,70232.20098,50
87,68,84087.00194,61
87,69,97997.78769,74
87,70,56925.14189,35
87,71,26204.054,10
87,72,62396.50228,42
87,73,85141.29618,62
87,74,46793.6843,26
87,75,70123.14716,48
87,76,28235.16706,12
87,77,75587.88741,55
87,78,62274.51093,40
87,79,55964.45983,32
87,80,50829.89321,27
87,81,120129.555,83
87,82,87415.08464,65
87,83,43755.54477,21
87,84,18577.88577,5
87,85,55253.2879,31
87,86,12048.40146,2
87,88,22551.5161,7
88,1,81577.96667,40
88,2,98386.34237,58
88,3,88286.70344,48
88,4,118800.4178,74
88,5,53060.97706,17
88,6,52114.40946,16
88,7,130064.9937,80
88,8,117987.3802,72
88,9,28533.40237,5
88,10,68764.49287,29
88,11,95953.80494,54
88,12,107876.3316,65
88,13,113197.9952,70
88,14,130296.2227,81
88,15,61229.79578,23
88,16,73941.75308,31
88,17,97531.35212,55
88,18,120224.1638,75
88,19,85478.13791,46
88,20,48523.69164,14
88,21,27465.02914,4
88,22,121745.7967,78
88,23,36632.52149,8
88,24,131492.2831,82
88,25,111234.2336,68
88,26,44295.68222,11
88,27,74341.86171,32
88,28,58927.56582,20
88,29,102178.3686,60
88,30,29464.91687,7
88,31,91883.18128,51
88,32,118464.3002,73
88,33,64091.08849,24
88,34,79986.24264,39
88,35,73130.7442,30
88,36,107624.2953,63
88,37,58107.97123,19
88,38,83617.56789,41
88,39,113160.9094,69
88,40,161693.8308,85
88,41,164390.874,86
88,42,39419.07243,10
88,43,24027.66171,3
88,44,51828.14822,15
88,45,55896.18507,18
88,46,91820.05414,50
88,47,79289.09268,38
88,48,153980.0754,84
88,49,108997.533,66
88,50,66383.1101,26
88,51,91364.82725,49
88,52,100367.7106,59
88,53,48134.07015,13
88,54,115269.1491,71
88,55,178793.4382,87
88,56,74497.58089,33
88,57,77970.20157,36
88,58,60008.39471,22
88,59,84357.16039,43
88,60,107873.7152,64
88,61,87324.83893,47
88,62,97957.32747,56
88,63,121386.1514,77
88,64,129723.8683,79
88,65,84093.64592,42
88,66,59374.98575,21
88,67,92308.98421,52
88,68,106366.0334,61
88,69,120508.1591,76
88,70,78719.84338,37
88,71,37185.92374,9
88,72,84599.13832,44
88,73,107612.4521,62
88,74,68619.46921,28
88,75,92504.66495,53
88,76,47097.97306,12
88,77,98091.17111,57
88,78,84738.34261,45
88,79,76320.68445,34
88,80,68566.71703,27
88,81,142051.5469,83
88,82,109963.5307,67
88,83,65999.58697,25
88,84,29150.04258,6
88,85,77689.60493,35
88,86,20488.93238,1
88,87,22551.5161,2
